������,���鵿��,�հ�,0��,1��,2��,3��,4��,5��,6��,7��,8��,9��,10��,11��,12��,13��,14��,15��,16��,17��,18��,19��,20��,21��,22��,23��,24��,25��,26��,27��,28��,29��,30��,31��,32��,33��,34��,35��,36��,37��,38��,39��,40��,41��,42��,43��,44��,45��,46��,47��,48��,49��,50��,51��,52��,53��,54��,55��,56��,57��,58��,59��,60��,61��,62��,63��,64��,65��,66��,67��,68��,69��,70��,71��,72��,73��,74��,75��,76��,77��,78��,79��,80��,81��,82��,83��,84��,85��,86��,87��,88��,89��,90��,91��,92��,93��,94��,95��,96��,97��,98��,99��
������,��������,4081,6,7,8,9,13,16,15,13,17,15,15,12,10,13,12,12,15,12,21,18,18,24,35,30,30,30,43,32,37,40,34,35,40,39,26,34,39,44,36,49,38,43,42,47,51,41,42,56,41,60,58,80,82,80,67,62,81,78,99,100,113,145,133,112,103,117,109,103,79,84,72,59,53,56,62,60,31,37,42,30,40,33,30,22,28,21,25,10,19,9,14,3,7,7,3,4,1,1,0,0
������,������,2321,1,3,3,4,2,4,4,3,6,9,9,6,6,5,1,5,8,13,4,7,12,10,8,16,10,15,20,21,20,25,27,16,21,23,14,11,19,11,20,21,11,19,18,16,19,21,16,20,21,25,23,21,31,36,46,49,44,67,46,59,59,68,56,70,67,59,61,66,53,58,61,40,52,50,36,46,25,36,40,33,34,36,27,21,20,21,17,11,12,6,4,9,3,4,3,3,0,0,1,0
������,������,4161,4,5,6,3,13,8,9,8,12,8,8,10,11,14,8,9,11,13,16,6,22,21,22,35,26,30,30,25,36,48,38,43,37,40,22,24,26,29,32,30,33,28,42,32,39,22,30,27,34,47,36,52,44,73,70,83,107,83,96,99,121,172,161,128,142,134,121,123,102,103,109,85,71,56,72,64,45,60,44,53,47,33,44,24,26,32,25,16,12,12,10,5,16,5,6,2,1,3,0,0
������,��굿,35917,282,294,354,380,427,458,519,504,509,450,474,419,374,324,292,235,203,210,187,167,204,257,247,290,316,349,408,459,481,548,579,578,624,633,636,632,700,762,789,912,987,914,922,714,646,594,550,511,554,496,478,535,497,481,460,434,483,409,425,514,467,583,514,505,431,484,371,418,326,299,282,208,214,204,175,146,100,122,135,114,119,85,87,86,81,57,38,38,31,27,30,17,14,8,11,4,6,4,3,1
������,����1��,6417,10,12,13,18,19,17,15,19,11,21,23,26,22,27,28,26,18,29,26,31,37,38,43,61,58,53,59,69,57,77,68,71,59,56,70,39,33,55,48,51,65,63,83,51,60,65,50,72,69,66,78,78,116,118,102,108,111,126,132,155,138,175,187,168,181,171,175,171,132,143,145,111,136,106,111,96,61,89,74,89,72,71,51,54,42,34,30,28,13,11,22,13,14,8,6,1,4,0,1,1
������,����2��,7026,36,36,37,32,55,45,54,45,57,55,56,55,43,51,61,34,36,36,40,48,53,63,75,69,77,81,96,95,79,119,110,106,92,103,91,87,89,72,82,90,90,105,84,90,92,94,75,84,88,99,82,104,84,89,108,95,115,101,103,124,123,168,151,160,169,122,133,139,97,103,101,86,85,80,84,68,46,47,52,57,68,46,49,43,29,33,23,25,22,14,11,12,7,8,6,0,7,3,0,1
������,����1��,53811,768,755,869,936,1027,1108,1116,1114,976,919,851,817,589,572,543,412,367,329,317,262,279,349,331,342,380,426,495,494,631,752,864,913,1054,1171,1217,1281,1410,1397,1570,1649,1765,1626,1445,1129,1035,899,781,764,691,675,546,549,515,547,503,446,453,436,415,454,483,589,493,451,484,441,362,385,307,304,276,194,186,204,169,164,91,102,88,85,101,70,81,70,45,55,29,40,24,19,22,12,16,19,5,6,2,3,1,4
������,����2��,30337,196,211,280,376,443,527,629,677,639,621,625,652,576,503,516,395,344,356,352,270,278,235,254,224,222,225,207,242,215,260,288,233,305,312,356,365,427,538,650,782,822,874,863,768,700,671,588,627,605,535,489,481,405,382,320,309,280,277,276,318,269,358,307,313,273,256,265,226,188,171,152,134,123,110,111,82,56,59,53,64,63,47,40,34,30,22,23,28,18,12,13,10,6,10,5,3,5,0,1,0
������,����1��,19396,73,91,90,94,118,107,128,162,159,172,185,170,197,167,222,191,179,173,187,204,199,195,252,206,238,233,252,257,232,266,255,194,220,207,182,198,201,185,227,267,263,305,302,289,276,256,299,300,329,324,316,350,346,405,346,318,334,356,325,394,347,397,373,297,329,322,253,291,239,247,227,150,180,180,170,169,109,114,107,140,120,112,93,80,76,64,59,47,32,28,17,14,10,7,8,9,5,2,1,2
������,����2��,32373,105,117,122,135,201,218,250,282,264,294,288,304,305,306,313,313,317,299,310,331,358,424,420,379,394,415,459,408,387,340,328,335,325,311,287,291,304,288,358,363,432,479,465,450,450,400,404,479,503,524,582,589,566,611,576,577,579,591,544,669,577,660,634,592,577,554,505,517,437,405,395,296,322,347,291,299,176,222,212,203,211,160,148,147,132,116,106,89,64,62,40,43,31,36,15,10,9,4,3,0
������,�ݻ�ȸ����,7712,12,16,16,16,25,21,32,29,26,24,28,32,30,28,26,35,34,26,35,43,41,55,66,64,49,86,90,79,98,69,97,68,87,54,78,49,68,72,64,72,101,86,109,88,71,66,77,92,109,89,118,105,137,133,135,134,148,174,158,187,187,224,225,228,172,181,173,213,135,191,161,114,135,135,111,106,65,79,91,92,77,76,65,40,38,29,25,17,17,12,12,8,3,6,3,2,2,3,0,1
������,�ݼ���,1013,0,2,2,1,5,2,8,12,9,10,15,16,14,9,15,8,15,11,10,6,10,7,11,2,6,6,8,6,5,10,7,9,6,4,5,4,5,3,15,8,14,9,12,19,23,15,20,12,14,17,17,11,16,14,10,10,15,20,13,24,21,25,24,26,20,24,22,24,17,17,25,15,17,17,11,13,1,5,7,8,10,6,7,6,2,3,7,5,3,4,1,1,2,3,1,0,1,0,0,0
������,���굿,27929,56,60,79,72,86,102,116,144,121,151,150,148,149,142,162,178,162,208,213,307,335,426,471,451,446,456,435,358,436,402,356,301,305,301,245,255,246,242,223,238,333,315,322,296,320,299,273,349,372,424,464,527,501,577,530,524,491,483,471,606,577,662,584,574,524,530,498,482,382,392,421,308,331,354,297,293,224,259,254,263,230,221,189,145,130,111,109,98,63,52,39,34,26,19,9,7,8,4,5,4
������,�ΰ�1��,8133,5,17,24,22,36,33,30,31,37,29,42,38,32,43,53,49,34,44,46,47,42,87,63,74,72,93,68,72,78,99,80,91,67,75,62,75,63,75,86,91,99,115,97,91,89,102,91,106,117,120,128,137,109,137,137,100,129,137,143,182,169,203,191,158,159,172,185,186,157,143,165,129,156,149,128,143,76,101,91,116,102,77,60,54,55,35,47,45,26,28,12,15,8,10,2,4,2,1,2,0
������,�ΰ�2��,17771,51,70,59,88,100,101,121,104,113,107,131,133,142,128,143,153,152,150,181,196,187,266,294,286,284,270,264,243,243,199,225,196,195,180,164,161,175,196,197,217,236,262,284,232,212,235,213,292,296,321,329,313,306,316,318,322,282,283,292,334,270,359,345,308,268,278,264,297,232,230,216,148,177,179,174,166,103,134,105,169,127,103,84,69,75,69,58,56,39,27,22,18,16,12,6,9,2,4,2,6
������,�ΰ�3��,15492,43,75,81,88,77,106,114,134,123,130,141,130,115,113,133,107,128,150,147,140,178,201,235,217,215,221,183,199,177,203,207,192,182,165,183,173,184,171,182,195,234,246,264,187,208,211,190,202,233,259,239,287,266,270,281,277,263,236,230,270,280,346,260,261,264,226,253,250,190,188,197,142,143,167,144,141,80,105,82,87,88,103,69,63,61,51,47,57,28,37,18,19,21,11,8,5,3,1,1,3
������,�ΰ�4��,12525,30,39,39,31,48,63,44,47,55,63,42,67,49,60,78,83,84,81,96,90,86,111,135,112,161,144,166,167,170,145,162,134,137,127,113,126,110,115,153,148,136,153,170,137,156,151,173,162,193,200,219,202,211,214,221,204,237,211,206,239,264,256,299,267,269,265,262,303,213,208,230,198,184,177,161,163,98,121,110,132,120,87,83,78,50,45,37,35,29,19,10,13,11,10,4,0,2,2,0,2
������,��1��,5130,3,3,7,4,3,11,9,9,9,14,18,8,13,14,20,25,29,25,36,26,38,35,36,35,54,47,56,58,42,48,43,51,43,45,22,33,39,40,24,46,59,65,68,54,62,65,48,79,76,77,68,89,93,96,85,104,99,91,95,126,129,148,131,139,132,134,135,116,97,99,96,83,88,88,72,74,49,69,67,62,66,55,55,43,37,17,37,22,15,19,11,6,6,3,5,2,1,2,0,0
������,��2��,8997,12,16,11,23,25,28,32,35,49,30,33,57,36,36,50,45,38,37,53,37,62,76,93,96,83,110,99,123,127,125,107,84,83,85,84,78,83,78,81,113,106,100,105,87,102,86,99,102,123,136,134,142,153,170,150,155,203,193,178,210,212,286,247,265,203,211,196,208,180,146,174,141,134,131,119,95,61,80,88,97,58,58,58,54,48,27,29,28,15,16,13,11,3,8,5,1,1,2,1,0
������,��3��,10979,23,21,27,29,33,29,27,43,31,41,31,45,42,49,52,33,42,47,50,80,76,104,93,100,101,118,125,132,123,143,151,111,105,104,92,89,108,93,103,111,121,123,118,107,109,116,106,125,149,183,159,165,180,219,210,212,230,205,212,277,250,340,317,255,245,254,233,258,190,197,183,162,177,183,170,159,93,125,121,118,126,91,90,79,64,51,33,32,25,11,24,10,6,13,5,1,2,2,0,0
������,���α���,2290,4,2,4,7,7,11,8,9,7,5,4,7,10,6,7,8,8,11,14,13,14,13,18,19,21,26,15,14,23,28,27,15,24,24,14,18,12,17,24,23,18,20,21,21,18,23,20,20,23,25,44,29,40,50,35,45,45,53,57,53,61,67,68,73,54,50,53,59,44,39,41,32,35,30,40,38,24,37,24,24,26,27,23,20,16,14,13,14,13,6,6,5,5,2,3,0,0,0,1,1
������,����1��,17978,37,37,76,48,62,84,91,97,89,119,114,131,109,114,109,111,81,99,130,249,372,538,734,854,882,712,581,482,431,315,337,243,199,174,182,150,156,151,136,181,216,202,208,193,224,217,203,239,200,218,228,204,220,235,221,217,221,211,189,247,227,223,253,202,221,181,176,210,162,167,168,148,143,134,136,120,90,86,92,103,101,84,83,64,43,44,34,41,38,23,21,17,11,8,3,4,2,2,1,0
������,����2��,26221,138,164,157,196,203,267,293,309,324,299,335,278,261,275,236,246,201,230,219,207,238,277,323,292,331,339,329,313,354,320,322,287,328,285,340,309,331,326,394,412,515,522,530,493,464,428,418,396,441,441,403,426,392,379,356,352,345,333,328,351,329,446,397,315,345,344,320,331,280,305,267,220,227,228,235,209,160,175,168,184,184,145,116,118,104,83,80,56,47,39,38,27,19,16,22,14,5,9,4,4
������,û�������,9774,28,30,36,29,36,61,57,59,67,63,66,76,70,43,68,72,66,64,85,62,74,89,94,94,108,96,114,97,96,85,111,103,95,84,103,102,87,81,82,106,104,124,129,110,99,97,91,106,144,151,156,142,147,163,160,185,174,186,194,202,184,225,204,213,190,199,188,198,183,163,162,143,153,146,154,136,85,96,92,115,87,76,78,73,57,45,45,59,29,22,18,12,9,11,6,4,4,0,2,3
���屺,������,52118,199,193,229,222,302,336,296,322,325,364,382,384,402,365,416,400,414,414,425,514,490,563,546,553,634,626,633,657,632,650,645,644,538,514,492,484,471,513,596,652,655,772,799,751,709,721,695,833,869,895,939,1037,973,1037,870,921,900,884,838,939,886,1019,1028,935,854,896,809,810,673,690,658,557,533,572,616,567,342,478,423,434,432,365,326,319,266,214,192,163,134,102,95,57,54,33,27,25,20,13,7,7
���屺,�ϱ���,27929,276,314,311,367,323,357,408,386,376,327,301,304,227,212,191,167,179,175,192,189,233,293,259,247,285,264,244,229,277,352,368,362,407,408,473,455,508,502,560,609,658,627,581,495,434,378,387,394,375,397,451,438,443,440,417,366,410,369,359,467,389,464,447,373,385,392,324,337,260,237,224,201,200,188,193,200,98,117,129,147,125,92,90,76,68,68,54,49,49,32,34,22,12,13,13,6,5,2,3,0
���屺,�����,8460,39,41,45,42,28,43,39,42,45,40,46,46,21,37,41,34,38,34,36,65,60,87,76,92,80,103,108,118,104,127,105,89,126,86,97,108,106,73,105,87,121,110,94,108,91,68,85,94,83,107,122,141,147,151,173,151,142,181,150,152,137,189,188,180,186,165,150,180,133,146,112,98,107,112,112,95,66,93,81,85,74,68,74,72,55,46,53,33,33,34,23,18,13,7,6,4,10,2,3,3
���屺,������,81343,543,609,726,859,948,1205,1335,1476,1412,1466,1504,1448,1209,1170,1271,1128,890,950,939,787,728,728,679,606,568,583,638,617,643,727,794,831,911,956,984,1082,1245,1313,1578,1819,2083,2186,2275,1996,1899,1802,1742,1766,1667,1519,1440,1309,1100,1039,879,810,744,670,594,743,704,793,781,761,736,692,713,732,648,578,609,505,506,478,462,439,317,377,296,318,239,245,205,192,158,129,102,90,77,67,67,45,28,20,22,14,10,11,3,2
���屺,ö����,7822,17,19,21,25,30,31,54,41,48,44,48,60,54,39,43,43,44,31,34,41,37,54,56,54,60,64,78,73,84,62,67,53,62,53,47,59,61,58,65,76,74,93,105,74,71,98,88,95,122,125,121,129,102,138,140,135,144,124,132,164,158,220,180,182,178,190,187,189,159,162,172,129,139,141,124,118,70,101,84,92,82,65,79,72,56,49,40,29,20,24,19,17,6,8,9,1,1,0,4,0
����,����1��,12011,33,35,45,46,50,50,68,62,60,76,83,76,80,78,91,86,86,99,92,90,87,108,123,125,111,102,143,123,135,128,124,138,131,115,120,106,103,95,105,120,163,147,186,160,132,140,145,193,216,208,200,207,205,217,206,176,188,181,200,232,239,258,270,274,250,250,260,247,188,189,209,157,174,186,144,158,92,119,112,131,127,102,88,62,57,61,35,39,28,18,20,6,7,4,5,4,2,3,3,1
����,����2��,6700,20,11,16,14,29,30,32,28,28,50,28,56,43,46,52,39,41,46,42,48,58,57,72,63,74,62,75,62,57,44,55,49,63,67,57,50,56,52,54,73,71,86,99,95,92,85,90,98,108,124,114,122,106,117,95,129,103,112,98,116,119,152,143,132,144,134,137,122,120,106,150,77,99,128,90,87,66,97,88,103,68,71,52,53,45,35,30,16,20,21,14,9,5,2,1,3,0,1,1,0
����,�뿬1��,15811,29,30,34,27,35,42,50,57,55,54,75,82,78,86,69,63,96,84,113,193,198,320,437,429,458,468,398,354,317,302,271,224,237,185,143,165,138,117,152,155,177,221,194,175,181,180,159,192,225,234,232,265,239,255,231,206,194,216,173,196,211,234,274,231,246,247,242,246,207,178,218,184,193,197,172,164,109,173,123,161,151,109,115,95,82,45,55,40,41,24,27,12,7,8,4,8,5,4,1,0
����,�뿬3��,32711,130,145,145,196,222,272,300,328,321,343,379,356,345,331,338,310,265,249,346,431,524,689,949,910,801,702,595,523,479,441,378,367,358,350,315,395,365,380,424,494,552,595,611,557,555,488,457,538,566,547,598,542,534,561,453,422,406,399,374,415,390,445,416,403,347,343,331,341,243,261,232,220,234,202,210,182,141,175,142,162,153,112,100,108,80,72,57,49,44,34,31,22,18,15,9,11,3,4,3,2
����,�뿬4��,12142,59,71,81,94,95,106,108,128,120,100,99,103,90,97,97,71,72,78,85,76,85,109,90,119,116,139,119,108,117,109,143,135,129,142,139,155,151,159,166,216,221,213,219,199,169,164,147,167,173,176,181,190,168,160,179,184,172,156,191,208,181,232,253,224,196,200,198,213,165,167,159,144,163,159,156,136,99,111,123,115,96,82,80,72,55,61,44,27,30,19,24,10,11,10,3,5,1,0,0,3
����,�뿬5��,16943,43,58,59,71,95,96,123,121,133,157,138,126,127,108,128,130,130,128,169,194,226,271,295,262,326,309,311,277,294,266,255,205,197,199,141,166,158,171,191,192,276,267,277,238,246,234,213,250,277,291,278,319,244,286,245,241,240,199,215,230,238,266,293,231,263,274,253,249,190,206,205,171,192,189,153,169,101,142,117,144,145,102,108,90,68,39,52,49,31,24,18,16,13,12,3,5,4,3,0,0
����,�뿬6��,15050,82,93,113,113,154,162,200,202,248,207,219,200,164,166,164,160,147,129,150,130,125,145,177,173,161,149,154,152,150,162,161,162,130,151,145,171,204,213,250,288,300,313,292,292,250,250,244,296,267,261,242,269,267,243,220,195,221,192,169,234,179,206,225,210,190,194,180,165,144,146,149,124,141,102,133,107,61,82,72,97,91,70,48,45,40,45,32,33,25,15,11,6,10,10,7,4,1,4,0,1
����,����1��,13255,29,34,36,46,60,69,77,100,90,94,111,115,98,107,106,120,101,117,114,124,147,168,169,135,175,157,142,165,121,150,136,119,116,116,93,109,104,129,118,144,171,185,178,183,171,170,184,195,237,271,251,255,244,277,233,221,273,218,211,259,238,269,263,243,227,230,239,212,204,184,177,145,167,158,177,157,108,128,107,111,105,101,91,79,61,44,48,35,27,17,8,17,9,4,5,6,3,2,0,1
����,����2��,8428,27,27,36,26,35,38,37,36,25,36,33,31,45,34,42,20,32,37,42,40,63,78,81,92,108,140,139,152,165,168,181,164,129,131,125,125,138,116,122,103,125,129,111,111,101,123,94,108,105,130,107,118,123,119,130,137,114,119,119,133,133,164,156,133,157,154,135,132,105,127,105,77,103,108,96,99,74,82,84,92,83,73,68,56,58,49,31,44,22,16,12,12,8,6,6,4,2,1,1,2
����,����3��,16591,91,107,98,129,121,142,131,109,155,131,138,124,116,133,159,129,129,134,151,147,131,199,197,181,186,174,175,202,193,203,213,209,220,206,180,208,226,206,259,252,292,265,264,268,223,232,230,265,279,280,267,309,292,315,278,270,261,246,222,278,260,316,299,263,245,249,213,232,203,182,205,172,183,179,147,148,105,121,117,130,112,99,82,78,63,65,47,39,27,15,23,6,8,6,8,3,4,2,2,2
����,����4��,7983,16,10,17,18,32,24,32,44,38,35,45,46,34,38,43,38,46,52,60,63,68,82,94,98,90,99,90,93,82,95,97,64,75,62,55,64,71,59,78,91,85,88,98,85,79,96,96,126,121,129,134,158,143,157,145,145,131,112,139,170,152,203,195,157,186,166,127,151,121,134,119,120,121,115,115,103,65,107,81,97,93,86,77,71,61,37,33,27,18,13,15,11,7,5,5,3,4,3,2,0
����,��絿,8179,26,37,40,45,45,44,54,63,47,71,56,72,65,75,66,81,79,66,78,76,100,108,91,107,104,109,95,98,89,89,96,77,88,64,64,76,84,82,73,90,98,116,117,110,105,117,119,129,139,144,159,182,157,163,130,169,133,132,122,163,141,151,155,126,152,136,145,153,113,105,98,85,87,92,86,81,53,58,86,71,48,44,48,33,39,19,21,16,21,8,8,7,6,7,2,1,1,1,0,0
����,��ȣ1��,43659,120,143,186,232,270,310,438,415,434,468,470,482,515,468,487,570,485,487,491,500,469,528,529,505,480,466,451,392,376,389,357,323,337,322,330,303,348,374,420,575,602,655,725,698,692,713,704,802,841,847,835,948,889,880,839,717,745,687,651,724,746,756,790,726,654,678,607,687,538,494,486,421,428,443,392,391,249,265,318,334,279,224,215,184,168,154,120,103,80,55,53,43,27,41,28,13,7,10,3,4
����,��ȣ2��,16508,66,67,85,98,106,139,155,198,154,162,186,212,185,167,191,176,172,169,146,147,154,187,186,149,147,147,135,134,144,139,144,119,139,136,124,142,153,195,181,231,289,276,258,280,251,255,294,262,280,295,287,329,261,289,235,226,233,245,249,274,265,321,286,299,313,321,266,284,207,228,231,184,192,194,171,170,107,151,116,118,103,78,72,67,50,51,52,41,32,24,18,14,14,8,9,8,5,1,0,1
����,��ȣ3��,12027,15,30,22,32,39,42,54,75,59,62,67,75,79,59,90,86,82,106,101,89,108,122,126,128,114,117,150,119,147,120,142,98,123,92,81,106,88,75,114,121,137,172,160,124,140,140,137,160,197,206,193,183,194,233,226,186,222,192,193,222,215,296,254,282,249,258,244,266,208,231,232,178,199,188,165,182,106,138,135,132,125,100,83,73,63,50,53,39,22,27,13,15,5,9,9,1,7,0,0,1
����,��ȣ4��,8424,27,34,37,37,41,49,53,45,58,59,66,73,67,65,55,49,51,74,55,84,68,69,93,88,84,85,83,87,82,86,86,86,81,110,73,91,84,97,117,113,130,122,139,116,115,121,112,144,146,145,137,132,139,154,126,125,130,128,113,144,138,175,167,168,171,175,162,172,147,137,144,103,113,111,104,109,75,62,62,76,61,55,40,48,32,27,31,24,20,10,9,5,7,8,5,4,0,2,0,1
����,��ϵ�,12713,14,26,36,43,51,62,66,72,71,72,102,70,92,63,86,95,95,80,104,94,101,113,118,127,113,126,106,121,125,126,109,100,92,108,91,113,119,132,119,150,156,177,165,163,163,170,152,179,210,209,211,213,175,205,207,185,205,184,199,240,240,323,299,282,266,273,263,294,224,230,226,206,209,199,183,170,118,169,132,154,116,108,92,77,81,60,47,47,28,23,27,11,13,16,16,11,2,2,0,2
����,����1��,11619,32,22,27,33,24,33,35,34,38,37,57,58,47,52,44,66,43,57,59,75,78,94,109,98,123,126,147,155,146,153,147,134,133,104,109,96,108,98,95,134,143,137,123,109,113,110,126,147,171,159,191,185,187,216,186,186,194,177,202,225,227,281,329,269,252,273,253,258,201,216,216,186,178,156,166,150,109,129,145,155,148,133,97,98,84,83,81,47,31,31,31,16,9,12,8,4,5,0,3,0
����,����2��,7929,30,33,27,31,33,51,40,48,34,37,49,30,38,36,42,35,31,17,31,53,49,67,87,72,109,116,121,140,142,144,142,146,114,110,91,110,104,102,115,93,120,96,121,96,118,99,81,114,106,118,133,143,150,145,143,130,135,129,117,154,139,193,169,151,171,155,133,137,114,108,100,92,83,90,67,80,49,72,55,58,51,47,49,45,34,26,27,17,17,10,9,13,2,5,4,3,2,3,0,1
����,����5��,4264,27,29,28,37,37,36,41,35,43,27,34,21,27,28,27,24,12,21,21,23,28,40,33,37,43,44,36,44,46,51,44,43,66,52,60,42,58,63,70,72,77,83,70,74,65,58,73,65,64,60,69,65,58,53,51,73,56,53,51,62,60,73,78,77,86,76,74,84,44,66,75,43,44,44,47,45,33,47,37,45,38,34,30,21,24,24,17,14,10,10,8,6,4,6,4,1,0,2,1,0
����,����1��,4069,13,6,12,12,11,15,16,27,21,31,31,26,24,20,25,43,25,29,39,28,29,42,47,39,54,49,48,40,47,52,58,41,41,27,35,31,32,31,42,58,45,56,50,50,54,58,56,59,63,66,62,62,72,73,78,65,64,55,53,63,72,91,55,64,90,72,83,67,69,72,76,53,67,56,59,70,39,41,37,52,51,39,41,25,29,23,14,11,11,9,9,8,2,6,1,0,1,0,0,0
����,����2��,9755,39,42,24,40,29,45,33,49,39,47,55,38,43,37,40,60,56,47,77,78,66,97,79,85,102,105,111,120,135,160,135,120,129,117,118,101,89,93,115,101,107,97,127,92,126,96,118,122,136,169,153,169,159,181,157,146,167,150,146,181,172,228,227,181,196,196,188,199,152,155,160,156,137,151,168,126,93,109,94,115,100,91,77,71,56,47,47,44,36,26,18,12,11,5,4,4,1,4,0,1
����,����4��,3773,1,3,8,3,13,10,14,6,4,13,12,11,9,16,17,20,20,15,26,24,29,37,35,30,36,31,33,33,29,34,32,33,26,20,35,20,31,21,29,34,38,24,41,23,31,31,40,36,65,60,66,68,67,74,50,71,68,51,63,75,77,80,71,91,80,73,71,96,70,76,78,48,85,78,77,97,50,51,46,76,76,54,49,42,33,29,42,18,11,9,15,5,3,6,8,4,1,1,1,0
����,����5��,5164,4,3,7,11,7,15,22,21,18,20,33,31,26,28,30,32,21,41,37,42,37,38,57,50,44,64,60,52,55,44,43,46,28,45,30,36,30,21,42,39,68,51,54,60,62,55,56,64,68,88,66,90,88,91,93,90,75,90,74,107,94,126,121,106,91,106,105,134,82,94,102,86,86,115,84,95,60,79,69,75,71,63,55,54,41,25,25,34,19,15,15,4,8,8,8,4,2,1,0,1
����,��õ��,11802,43,54,48,35,47,47,51,55,43,46,61,51,56,44,61,69,60,73,78,78,94,117,113,124,146,159,173,157,140,176,147,146,167,137,127,110,127,132,129,138,141,152,146,157,133,139,144,160,174,154,179,213,198,208,204,188,190,182,171,204,238,236,250,218,219,233,215,213,176,175,175,149,171,175,172,134,117,150,133,142,120,110,110,112,66,61,59,49,34,23,15,14,9,11,8,4,3,0,2,1
����,�ʷ�1��,5002,12,5,6,6,12,17,21,19,27,24,18,22,36,29,18,34,24,26,27,41,34,39,56,75,68,81,99,76,96,92,76,80,62,55,53,56,41,42,47,54,72,78,75,68,53,70,67,74,76,78,88,95,89,102,80,73,81,67,69,82,83,98,102,91,89,89,91,81,83,73,66,59,65,70,71,59,44,48,51,50,56,46,38,23,28,31,24,13,6,7,8,2,3,2,2,4,0,1,0,0
����,�ʷ�2��,5662,11,9,6,9,12,15,15,23,15,14,24,24,28,17,29,30,25,22,27,16,37,37,60,50,50,65,63,68,93,80,65,73,55,42,43,53,52,51,67,46,69,52,72,79,59,61,58,76,87,65,102,113,86,92,111,92,87,110,79,101,98,136,126,106,128,123,108,141,106,122,105,106,108,102,91,80,47,85,69,57,73,66,48,50,37,28,25,12,25,21,13,9,12,7,7,6,3,2,0,1
����,�ʷ�3��,13039,146,138,118,121,122,133,139,95,115,112,75,92,63,70,95,72,75,68,90,76,113,136,138,152,164,230,222,221,234,240,292,271,284,262,235,263,252,237,257,275,270,262,237,227,171,163,173,177,204,185,202,190,201,216,183,175,178,140,161,180,141,207,166,193,151,149,137,134,121,104,98,80,85,84,82,60,50,69,83,58,51,45,30,44,37,30,30,30,20,20,17,8,9,2,4,9,2,2,2,1
����,�ʷ�6��,5773,7,6,10,11,8,15,17,23,17,21,36,36,35,38,40,38,38,31,38,31,38,51,59,60,50,58,52,57,59,51,58,47,45,49,32,45,37,42,46,42,56,59,77,65,67,62,71,82,89,89,111,105,84,96,95,101,84,93,104,111,105,113,136,118,121,103,126,122,91,114,126,95,96,111,101,94,44,75,70,92,83,79,51,59,38,41,51,34,28,10,25,9,5,11,8,3,2,4,1,2
������,������,25783,139,172,171,194,235,272,314,339,346,379,377,388,364,391,383,333,317,304,282,287,268,280,264,271,251,232,214,233,223,220,224,220,236,276,276,247,277,336,412,438,488,594,574,498,482,513,502,538,526,519,540,527,449,450,364,338,369,318,293,303,330,370,360,309,260,300,244,272,230,182,203,193,205,194,169,173,96,121,117,129,119,97,92,76,51,67,61,43,40,21,23,9,23,11,7,7,3,2,2,1
������,����1��,13967,52,63,64,67,82,115,120,132,119,103,115,98,102,106,101,89,98,93,116,99,103,130,147,124,129,136,153,170,170,172,152,153,142,136,120,121,142,180,190,217,248,213,222,209,162,165,142,186,203,184,209,229,224,216,231,240,217,250,222,267,260,293,297,279,298,270,272,280,239,197,206,188,173,192,166,166,96,117,110,101,92,85,67,67,53,38,49,38,22,26,18,5,12,9,9,6,3,3,1,0
������,����2��,14587,72,57,76,85,71,76,84,84,74,94,82,94,76,86,91,84,94,99,119,116,132,142,145,143,150,186,173,164,196,177,196,166,160,184,168,160,164,162,165,207,230,204,180,201,157,178,149,187,173,209,236,225,219,242,256,228,269,251,241,296,307,400,352,301,298,310,329,317,245,231,241,171,195,200,161,141,99,112,119,108,89,77,62,52,66,50,31,35,17,23,15,18,8,6,5,5,2,4,0,0
������,���굿,9197,10,19,22,24,19,28,30,41,34,42,46,48,48,57,51,66,57,49,68,62,79,79,94,104,97,105,98,88,83,100,98,81,108,76,62,91,55,67,69,92,101,91,127,89,91,81,117,134,129,133,130,162,154,164,166,163,173,142,145,190,175,229,211,213,208,212,192,201,178,165,152,128,158,135,161,133,98,84,101,117,125,78,84,76,59,54,42,50,34,31,13,18,20,10,3,6,7,2,1,3
������,����1��,10469,29,37,63,54,68,83,85,94,95,93,96,88,87,94,117,88,114,96,118,91,89,111,99,115,145,128,117,113,136,133,139,106,128,100,113,108,107,147,128,187,158,175,183,169,155,156,161,186,177,192,172,215,181,168,187,140,126,151,114,174,138,182,179,174,149,144,132,157,125,142,138,91,117,115,103,94,68,84,74,82,78,70,63,67,32,46,33,26,22,13,12,10,5,4,5,8,2,2,3,0
������,����2��,25888,90,125,123,161,169,238,309,303,346,360,445,409,390,396,449,394,387,369,377,309,320,391,328,303,281,249,227,247,216,203,188,166,188,188,160,222,224,266,321,384,430,492,534,534,475,522,513,550,593,587,551,537,472,513,427,399,406,340,347,384,304,395,381,346,297,319,267,309,215,205,234,168,186,159,162,145,95,138,97,93,84,82,57,60,41,39,39,33,25,18,15,18,7,8,9,0,6,1,0,2
������,����3��,17200,50,63,80,97,107,128,144,201,221,213,249,234,234,189,177,200,151,139,157,149,146,149,183,170,181,177,206,201,178,164,170,157,132,159,148,141,162,192,209,253,295,313,356,325,318,318,297,294,322,294,289,316,245,294,244,240,261,231,216,264,254,311,296,268,220,262,244,287,215,226,199,168,173,180,157,167,113,129,132,146,125,83,81,66,60,52,41,37,31,23,16,14,10,8,5,2,0,1,4,0
������,���ε�,31984,182,170,187,198,212,249,272,316,274,301,282,318,264,257,294,291,247,231,252,302,276,349,359,327,330,366,354,395,393,409,424,407,417,373,386,371,424,391,374,507,508,525,573,458,490,436,460,477,510,530,488,570,535,542,525,465,503,504,431,540,493,588,547,542,531,521,482,527,429,418,367,318,371,311,288,286,188,243,211,215,226,204,154,122,109,86,84,68,56,45,39,32,23,17,12,10,9,6,1,3
������,�ȶ�1��,14189,51,45,57,60,63,62,97,91,81,96,93,100,75,103,100,86,96,82,108,99,102,129,118,138,142,186,180,145,184,160,195,149,157,152,151,138,133,133,157,186,172,201,207,191,174,180,168,187,215,204,221,221,226,230,232,253,235,249,215,276,290,322,335,290,301,295,281,303,246,228,237,175,189,190,175,162,116,153,108,135,116,90,110,73,57,58,40,39,34,21,28,12,19,7,7,1,6,0,1,2
������,�ȶ�2��,26720,125,95,121,131,150,153,223,210,228,248,227,286,254,225,290,282,247,269,291,288,269,301,303,275,267,277,285,294,284,294,301,278,269,304,227,263,302,286,329,364,379,438,424,402,374,359,373,447,434,479,455,476,484,454,481,441,431,434,411,476,480,525,552,498,508,432,427,422,418,336,331,272,320,285,268,267,139,178,175,150,140,125,116,99,70,85,76,59,52,32,24,25,21,17,11,8,2,3,0,1
������,��õ1��,22399,147,132,118,118,133,127,120,101,123,116,118,119,111,121,131,116,121,124,157,152,181,246,307,333,383,367,423,403,448,473,459,455,406,371,362,360,345,334,324,364,395,376,395,340,301,272,302,322,367,353,365,397,378,388,338,319,292,329,285,337,299,362,334,337,307,278,310,292,251,224,210,205,195,188,204,180,121,157,154,171,149,139,112,95,69,65,60,59,40,35,27,12,14,7,10,4,4,6,3,1
������,��õ2��,24313,150,178,214,304,278,369,334,343,300,281,269,297,234,238,245,215,219,166,216,195,209,219,235,224,212,205,251,215,257,234,273,220,306,315,335,312,408,360,394,454,448,464,448,413,399,328,362,376,426,375,402,406,353,377,330,302,297,311,268,348,339,412,358,368,334,334,312,319,234,268,267,196,221,220,215,203,134,151,135,137,169,145,112,79,94,86,66,50,45,43,42,28,21,16,11,10,8,6,3,3
������,��õ3��,38073,175,208,206,214,240,255,264,302,270,240,263,290,243,240,274,257,270,259,304,334,366,448,488,497,564,570,612,562,537,584,565,531,469,486,463,497,472,464,491,568,576,585,577,539,494,452,518,533,583,617,616,649,659,702,684,687,593,555,540,671,673,748,739,664,586,597,582,605,479,499,508,382,403,376,371,330,203,258,247,245,262,181,173,168,114,109,86,81,47,41,40,23,20,15,20,9,5,4,2,4
�λ�����,����1��,18927,38,50,56,64,46,83,91,101,108,98,134,137,96,91,125,105,86,105,137,168,185,308,347,335,322,301,279,269,270,269,248,201,243,217,192,177,193,178,213,249,239,230,262,254,248,245,261,253,275,281,300,304,316,300,325,275,347,304,292,349,359,447,389,365,343,331,328,347,280,272,285,228,234,214,208,213,136,162,145,173,164,132,127,95,71,70,55,44,37,28,13,18,13,12,7,3,0,1,1,2
�λ�����,����2��,16672,60,61,64,72,91,98,112,112,109,129,130,133,123,127,133,122,135,127,143,161,155,202,207,204,203,219,193,205,203,206,195,195,173,157,156,171,160,176,185,203,212,249,249,206,200,201,195,223,270,249,291,289,267,293,254,267,278,276,249,309,305,369,357,324,298,308,282,284,254,248,262,194,211,215,183,190,136,146,140,137,128,116,80,84,77,69,56,42,23,30,25,11,14,15,8,5,0,2,2,3
�λ�����,����1��,16688,78,90,93,93,101,106,124,160,141,113,116,123,103,80,93,94,77,88,97,144,178,262,309,303,343,314,330,335,339,320,336,312,276,248,238,244,226,220,244,250,268,254,275,229,235,218,219,218,251,264,202,252,265,257,257,268,230,270,197,254,232,285,260,241,210,225,199,223,163,194,151,150,128,138,144,128,97,91,92,100,100,107,75,82,55,37,41,37,15,13,14,11,6,4,7,0,2,3,2,1
�λ�����,����2��,10769,18,27,40,39,66,53,64,76,61,72,78,87,73,83,84,66,68,86,78,81,109,163,145,141,144,146,157,155,174,132,96,122,115,106,111,100,99,102,98,105,127,123,152,136,122,130,144,150,159,171,167,193,173,184,181,196,199,187,156,201,195,223,242,219,192,191,194,176,186,146,148,137,129,143,119,102,78,105,98,103,95,85,70,69,54,54,36,28,21,12,12,13,6,4,4,4,3,1,0,0
�λ�����,����3��,28313,108,108,112,139,164,166,214,205,209,224,211,237,210,201,242,219,243,255,245,256,266,323,331,300,308,355,330,377,330,365,345,332,301,323,310,284,274,292,329,399,365,398,430,344,352,352,366,411,446,479,449,495,461,527,506,470,537,491,509,569,531,702,653,577,564,540,486,510,396,368,347,291,303,251,244,254,137,187,178,179,178,145,146,139,104,94,87,66,65,48,52,28,20,16,8,7,4,2,2,2
�λ�����,�簨1��,22688,62,61,65,73,85,118,121,119,135,171,182,153,172,174,200,170,174,170,208,191,223,273,258,255,264,276,287,262,267,270,289,234,231,204,185,205,200,213,229,254,279,245,307,314,274,301,276,324,383,379,414,446,407,410,426,450,408,409,428,455,422,569,511,462,418,440,371,398,324,322,317,246,267,264,244,220,132,164,180,190,187,161,138,118,102,108,93,65,49,38,34,32,23,19,13,10,8,2,3,4
�λ�����,�簨2��,10193,75,70,63,63,69,77,74,67,75,75,66,73,59,68,70,65,77,58,78,58,83,106,101,96,104,138,134,135,156,169,171,195,178,154,152,162,145,119,134,171,179,182,179,148,120,112,153,125,147,153,148,156,137,154,140,122,128,150,146,156,146,214,208,158,186,163,172,188,135,115,127,91,123,112,113,109,57,70,70,78,74,59,42,76,31,39,26,26,17,12,10,9,8,4,4,3,0,0,0,0
�λ�����,�簨4��,11168,52,42,31,41,64,62,79,72,96,80,86,82,94,75,84,83,84,78,87,88,90,111,124,112,107,117,133,130,125,116,120,105,119,117,107,94,125,147,137,122,141,178,165,148,142,169,151,149,172,182,192,223,214,219,232,217,220,201,185,205,224,274,237,196,187,193,184,200,157,151,163,125,123,119,128,110,67,84,89,90,93,76,71,58,53,37,31,27,28,20,16,8,8,6,4,2,1,3,1,1
�λ�����,��õ1��,12260,66,48,49,47,52,57,39,45,47,44,45,39,52,44,49,48,32,37,39,60,100,123,198,193,296,303,362,310,330,368,397,341,292,254,243,219,184,179,185,189,179,172,180,148,121,152,139,140,152,169,172,209,161,155,174,173,158,158,149,165,164,189,205,178,168,163,163,171,125,114,105,108,105,99,116,60,57,66,69,88,94,74,60,56,35,42,37,27,16,14,16,15,10,6,5,2,3,2,0,2
�λ�����,��õ2��,21029,116,137,111,117,129,114,149,112,112,119,124,129,101,97,98,96,93,94,116,124,143,173,209,211,211,263,284,298,297,370,348,341,394,326,295,291,298,328,329,347,340,330,329,301,251,257,245,246,293,286,294,318,275,295,302,285,310,334,312,433,369,489,390,422,376,375,365,419,292,293,316,217,245,227,251,212,142,152,149,162,193,141,146,97,92,83,60,71,50,42,31,24,14,10,14,10,1,2,1,0
�λ�����,�ξ�1��,23255,120,117,140,173,170,186,228,228,210,230,222,213,187,180,194,186,167,172,192,195,205,235,231,240,281,272,294,282,296,317,315,299,307,276,259,296,319,349,321,369,422,411,404,351,362,347,353,359,399,393,402,409,439,371,355,355,348,338,353,386,399,439,376,383,385,307,308,320,253,247,236,176,242,243,212,213,118,159,149,180,157,120,99,89,82,69,43,52,37,45,27,12,6,12,8,7,3,4,2,2
�λ�����,�ξ�3��,17147,49,48,63,63,110,96,117,125,130,161,183,159,161,186,188,202,166,172,197,193,172,206,184,176,185,176,189,165,176,167,141,116,148,138,149,131,168,161,158,204,232,259,258,259,269,255,249,320,301,308,305,316,370,311,284,289,310,337,299,342,356,394,341,347,304,275,271,253,226,191,212,171,173,182,190,150,88,131,110,127,138,85,91,63,56,55,58,43,31,14,17,11,14,7,8,2,4,4,0,1
�λ�����,����1��,15785,60,64,68,67,77,64,52,68,48,44,43,52,42,39,43,49,56,51,67,112,128,206,283,314,403,428,434,472,453,401,414,325,291,233,246,236,206,211,226,197,200,198,179,154,165,140,152,182,207,185,199,232,227,287,244,262,221,226,217,251,251,298,270,285,262,242,246,230,189,168,157,153,168,152,140,135,90,114,80,105,110,83,85,72,62,53,36,30,34,26,15,12,11,8,6,2,0,1,2,0
�λ�����,����2��,10681,57,52,49,53,57,67,92,64,59,64,50,41,53,38,45,37,34,39,57,86,98,173,197,249,281,301,305,312,301,287,264,233,188,204,161,162,159,156,158,184,192,188,177,152,137,117,122,136,136,176,156,158,152,160,149,155,150,154,127,158,133,183,148,149,164,121,130,115,88,96,90,60,63,69,70,55,35,44,30,56,44,30,25,29,23,22,12,13,11,7,10,4,7,6,6,4,3,1,2,1
�λ�����,����1��,19593,98,80,87,107,98,111,113,117,109,116,145,125,139,116,147,131,130,157,172,167,173,229,255,243,271,289,275,277,298,285,306,272,224,257,242,197,238,192,211,274,253,259,268,246,245,286,238,297,309,353,349,349,347,373,349,338,347,332,327,346,316,423,357,370,334,308,296,303,227,244,219,191,207,197,195,182,114,181,146,140,140,114,122,119,71,75,75,59,60,36,29,16,9,8,7,7,4,3,1,1
�λ�����,����2��,11914,27,39,30,48,42,56,60,54,56,45,47,44,51,39,47,53,43,42,66,72,134,175,244,256,315,316,336,371,390,352,343,268,268,220,194,177,184,177,165,183,193,184,160,153,146,138,128,172,160,165,181,154,168,159,160,123,126,137,131,142,156,153,158,142,144,158,132,147,138,101,117,88,103,98,101,101,63,82,64,77,75,77,54,63,38,38,32,23,21,12,12,11,5,10,4,3,0,1,0,0
�λ�����,������,20347,79,82,100,109,142,138,166,182,159,168,166,193,171,181,175,183,153,175,192,153,189,216,193,190,213,179,210,181,177,228,207,229,199,222,178,205,189,216,239,267,300,334,294,311,276,283,303,323,387,364,363,378,343,355,328,285,304,308,266,309,343,436,410,361,369,381,352,350,267,268,305,224,251,231,251,216,146,179,151,192,179,142,117,108,90,96,76,67,40,32,23,27,9,15,10,10,3,6,5,0
�λ�����,����1��,21572,163,145,152,127,175,139,147,143,116,119,132,126,123,112,103,122,109,138,139,167,210,277,355,399,463,514,545,541,558,553,572,481,463,492,433,414,359,353,382,377,388,363,352,296,257,260,282,284,296,298,310,288,286,293,307,240,220,228,206,239,278,265,266,265,242,239,199,247,179,165,179,141,153,165,156,135,80,119,109,124,106,104,99,85,53,65,51,36,33,22,22,12,17,12,6,6,2,2,1,1
�λ�����,����2��,20729,61,50,66,63,77,88,104,101,100,115,114,132,104,107,115,110,100,111,109,116,157,251,271,299,372,370,420,415,390,438,389,336,325,302,302,263,233,232,252,269,293,324,315,275,243,263,228,279,311,266,344,308,336,301,276,292,272,297,259,318,313,377,395,377,349,365,337,327,280,274,272,217,268,248,232,233,160,181,191,187,173,150,135,144,109,87,63,69,47,36,31,17,16,9,10,6,6,4,2,1
�λ�����,������,21706,56,74,97,112,115,130,154,139,149,146,154,167,155,172,140,145,146,149,182,163,180,175,204,202,194,192,223,228,217,199,225,191,205,203,214,184,234,216,283,248,293,307,322,318,283,275,257,305,362,363,352,347,349,387,358,329,361,342,327,371,398,424,422,396,427,435,421,421,351,350,363,298,335,304,275,272,201,224,244,208,240,199,178,143,110,88,100,68,61,43,37,28,18,18,15,10,5,0,1,2
�ϱ�,����1��,16181,114,74,89,83,89,114,90,81,80,77,78,80,76,58,70,60,64,78,88,106,106,161,169,184,168,235,267,263,240,247,293,268,252,233,219,223,214,200,210,208,223,227,189,193,169,175,151,209,210,212,227,224,268,311,308,301,324,314,279,367,357,438,404,360,310,300,283,294,223,222,209,156,190,170,145,138,95,137,95,121,103,89,86,56,71,48,40,32,29,20,20,14,12,9,6,1,2,0,1,2
�ϱ�,����2��,24879,83,90,91,87,122,129,132,143,156,161,172,142,160,180,157,155,161,181,165,184,185,245,284,273,314,355,386,353,370,392,393,315,330,311,287,279,232,248,296,289,375,338,311,322,312,293,266,319,367,390,393,436,460,502,509,471,492,469,488,539,549,692,600,520,460,433,440,465,319,330,322,243,277,243,232,211,149,143,131,172,183,116,117,101,70,65,60,49,35,30,19,12,11,9,15,4,2,3,1,2
�ϱ�,����3��,19320,25,50,47,44,74,70,84,100,104,124,124,125,132,120,145,124,118,146,169,165,198,276,246,246,257,301,287,306,277,232,255,206,182,169,156,138,181,150,187,212,230,230,237,245,232,237,260,264,281,353,339,390,379,414,398,431,428,446,359,486,431,512,495,400,364,370,351,344,273,231,270,191,215,196,193,177,94,122,117,133,124,86,80,64,57,53,33,37,25,21,21,13,12,12,1,3,3,0,4,0
�ϱ�,�ݰ,37371,131,146,141,150,195,190,220,229,242,231,267,273,222,267,288,273,272,296,329,329,364,431,361,396,423,409,391,398,433,438,415,380,381,361,348,320,344,340,346,398,442,463,479,408,390,408,460,548,550,624,599,674,660,699,736,693,717,737,691,846,812,879,884,779,723,732,598,661,505,520,497,395,444,416,381,409,262,327,291,376,322,310,255,248,184,186,183,153,107,98,82,46,27,35,18,10,8,7,3,2
�ϱ�,��õ1��,10853,26,23,36,36,42,40,33,42,30,30,50,39,42,49,52,38,36,46,53,58,75,82,109,127,134,151,142,174,170,150,146,122,113,118,133,102,132,107,108,116,148,112,128,109,148,114,106,123,122,138,156,193,179,182,175,167,203,203,193,223,203,286,287,256,254,233,238,236,207,171,188,156,177,149,151,134,87,102,92,99,116,101,75,87,49,52,41,46,38,23,22,20,8,13,10,3,1,0,3,1
�ϱ�,��õ2��,11806,26,31,35,27,42,35,45,48,46,39,63,50,45,42,42,46,47,66,75,82,89,106,152,133,190,188,190,218,194,202,235,174,172,138,133,135,129,126,125,136,146,139,144,116,138,116,128,131,157,164,153,210,175,256,205,199,235,242,203,254,229,308,264,289,245,242,220,261,210,159,183,124,161,123,114,133,86,98,79,105,101,54,65,67,47,51,28,36,24,18,20,12,7,8,7,6,4,3,2,4
�ϱ�,��õ3��,10559,17,24,26,27,31,31,51,50,47,56,66,69,61,70,59,59,49,60,55,70,83,115,114,107,126,132,166,143,155,135,133,123,113,100,107,74,92,100,93,127,137,134,154,140,121,121,117,149,152,174,144,167,166,212,180,185,177,181,167,222,217,223,244,252,206,217,214,219,178,181,164,153,144,175,137,128,68,108,104,117,107,73,66,48,49,45,56,33,34,29,14,14,5,7,3,4,2,1,2,2
�ϱ�,����1��,16648,178,166,163,149,137,153,152,117,104,119,119,107,86,105,107,77,97,91,105,121,127,135,153,154,136,161,163,213,195,221,300,305,331,310,300,291,262,287,319,305,297,301,273,267,212,221,194,186,204,204,202,233,208,252,243,233,288,246,278,306,312,389,293,337,295,290,268,283,200,219,206,160,173,160,158,126,68,103,78,95,88,75,49,53,42,28,34,27,21,5,12,7,5,7,5,4,0,1,0,2
�ϱ�,����2��,27003,128,167,196,184,232,249,252,255,234,242,252,239,223,240,231,212,228,221,224,213,243,260,284,289,275,313,318,339,319,343,337,317,362,325,300,334,326,363,377,402,431,431,448,420,350,381,347,404,438,434,409,383,461,477,450,454,448,426,393,471,510,610,539,511,510,449,444,476,367,337,336,241,235,256,227,232,135,162,146,133,148,108,100,80,62,74,52,44,41,23,29,17,6,14,19,8,10,4,2,0
�ϱ�,����3��,18372,68,67,86,92,101,119,135,126,127,152,126,146,129,118,132,104,116,116,129,148,120,186,210,211,194,232,232,247,225,237,254,193,182,198,227,205,176,224,244,236,274,283,279,250,194,205,216,255,245,279,266,296,277,325,313,293,327,329,328,403,391,490,465,409,426,408,378,372,326,254,237,173,228,185,183,166,102,105,107,140,110,84,58,72,65,45,36,28,25,21,16,16,15,4,7,7,3,1,1,3
�ϱ�,ȭ��1��,40964,257,268,282,289,366,418,485,476,478,409,435,435,394,432,419,430,429,398,446,437,479,550,594,527,552,504,479,490,503,479,514,486,521,465,497,507,478,507,514,569,626,716,648,628,611,593,560,581,660,687,692,756,763,851,851,784,792,840,721,849,756,910,785,712,561,551,468,480,340,314,335,228,256,204,205,192,140,131,110,138,124,108,102,57,63,52,49,45,26,23,24,14,10,12,8,5,7,5,3,1
�ϱ�,ȭ��2��,17044,68,80,100,99,133,107,149,146,131,144,137,130,131,134,130,127,128,128,161,148,166,216,221,233,229,246,244,250,232,252,271,236,209,209,201,222,183,182,205,225,223,213,216,209,205,196,192,233,246,258,282,298,327,322,327,382,337,345,313,394,344,382,310,297,288,272,261,220,194,179,164,139,151,125,132,123,88,93,92,115,105,73,62,63,52,50,41,29,39,25,18,16,12,6,6,3,4,4,2,0
�ϱ�,ȭ��3��,29268,121,154,138,183,197,237,286,312,327,311,338,355,335,365,382,379,378,397,373,351,371,435,389,406,404,354,357,336,304,323,338,277,318,324,254,276,292,288,338,371,414,449,504,459,508,496,465,560,573,629,604,605,601,628,540,581,469,484,410,483,395,493,419,366,331,325,321,288,244,259,236,184,232,202,208,168,133,138,144,146,158,106,95,107,76,60,71,55,38,32,25,19,17,16,7,5,3,3,2,4
���,������,13081,31,39,33,34,48,40,65,51,47,59,65,63,56,60,55,48,58,60,82,86,95,116,105,122,146,159,163,167,186,173,179,194,164,156,136,142,130,141,118,141,164,176,188,147,135,143,155,157,161,196,187,231,230,253,256,268,255,310,263,356,295,383,334,290,289,292,266,264,204,227,204,169,189,145,156,127,96,119,104,123,106,93,65,51,46,43,41,29,23,9,12,9,11,5,3,2,2,3,1,4
���,������,22668,83,80,81,98,108,111,109,94,98,103,96,104,70,86,88,99,85,97,118,153,192,294,362,391,448,520,514,562,607,548,498,419,422,342,273,318,292,290,262,290,308,326,312,245,265,219,213,256,281,302,315,339,330,428,408,396,456,403,380,463,439,562,499,442,416,374,354,350,297,254,224,237,196,191,178,192,105,119,104,125,103,81,60,61,47,43,34,30,24,18,17,11,9,3,7,2,2,3,0,0
���,����1��,8547,23,26,32,31,41,56,42,76,52,55,74,53,48,55,64,56,60,58,75,60,85,89,101,84,79,94,117,95,93,117,92,86,93,76,80,83,97,95,98,95,129,117,130,105,89,102,95,126,138,137,135,147,144,165,176,167,189,188,158,193,183,250,197,178,153,130,143,161,109,116,118,102,93,92,98,94,45,86,75,58,66,40,36,49,34,27,25,16,16,14,9,3,4,4,1,2,1,0,2,1
���,����2��,12712,37,33,57,50,54,71,86,78,73,98,91,101,94,69,92,102,70,74,95,111,118,137,131,128,141,161,171,172,188,173,160,158,133,139,138,112,125,125,113,140,190,178,182,158,151,153,153,154,175,206,181,192,220,272,225,240,270,259,255,287,294,387,315,271,251,264,246,242,198,176,167,159,162,146,121,90,85,78,75,80,69,50,36,46,47,32,20,28,11,17,17,7,8,5,2,5,1,3,0,1
���,���1��,27720,103,96,117,133,152,146,145,195,159,183,174,184,182,182,188,189,180,183,216,187,245,260,277,305,292,336,397,409,393,373,389,397,358,325,307,282,280,300,290,323,368,359,407,343,336,330,337,343,412,412,401,442,442,517,514,554,508,538,516,600,653,744,671,610,569,507,541,547,409,368,407,300,308,330,289,225,155,209,174,191,159,142,138,107,94,81,49,58,38,35,20,25,13,16,7,6,3,2,2,3
���,���3��,10068,12,12,14,13,20,25,35,20,35,33,29,33,26,30,33,40,42,41,49,49,44,91,68,65,64,69,75,55,83,73,81,81,63,71,53,51,66,70,57,81,99,108,109,96,115,105,100,121,144,137,141,142,181,184,187,208,181,204,197,248,251,272,261,274,240,243,257,255,221,219,225,181,195,200,228,184,124,121,128,127,145,113,110,99,86,79,74,52,34,31,27,10,8,14,7,5,3,2,0,2
���,�����,5675,12,18,13,22,22,23,26,21,20,36,23,19,17,29,24,29,26,24,38,39,38,40,62,46,63,56,62,60,68,64,70,62,53,51,49,46,60,51,55,47,57,68,60,51,49,57,64,66,75,97,78,93,117,115,129,113,154,139,108,130,144,170,173,153,117,120,112,118,87,97,96,61,81,79,91,70,56,55,50,48,48,51,30,38,28,26,17,13,6,8,10,6,1,1,3,2,1,1,1,1
���,���õ�,26323,93,122,146,149,178,193,242,258,266,265,281,261,252,239,271,236,218,236,265,246,261,304,331,320,323,317,323,324,329,313,357,286,294,262,261,294,306,283,302,364,401,443,410,415,374,389,387,435,478,419,502,526,493,527,546,531,501,501,470,521,530,571,552,483,433,375,362,350,294,254,256,230,190,195,184,175,92,114,113,126,90,100,76,69,51,35,42,39,30,19,12,10,7,10,4,3,4,2,0,0
���,�ַ�1��,14910,58,73,81,100,78,93,86,105,81,98,129,95,99,97,101,112,94,115,106,132,128,149,155,180,216,183,196,221,228,218,197,176,170,183,168,171,150,166,157,180,194,187,220,173,169,195,185,164,200,217,228,229,271,320,328,299,306,297,268,355,316,398,366,305,296,281,250,262,205,198,188,133,141,153,147,108,79,112,84,87,79,70,41,55,36,43,31,32,18,22,11,10,5,5,7,1,1,2,0,2
���,�ַ�2��,22798,88,82,101,95,121,139,144,139,163,180,168,189,185,163,171,158,177,168,198,232,281,348,486,416,441,369,398,370,395,371,386,321,324,270,246,270,232,266,265,315,336,323,357,314,338,310,309,305,341,401,335,375,363,380,370,321,358,352,363,432,392,487,433,363,373,351,327,294,262,248,227,201,201,214,205,169,100,148,115,132,133,110,100,77,85,37,34,37,30,28,16,14,11,10,8,1,5,3,1,0
���,�ַ�3��,12929,37,32,48,51,68,65,78,85,88,83,92,99,80,96,108,89,95,113,122,114,131,122,179,176,162,168,175,195,173,187,168,145,153,135,142,126,122,117,137,168,165,165,188,171,134,162,156,179,201,212,195,207,245,251,230,217,263,223,220,258,250,287,325,298,265,225,195,255,187,176,162,145,153,132,112,127,68,100,90,74,75,77,49,68,49,37,33,30,42,25,19,6,9,9,6,1,1,0,1,0
���,���嵿,27856,101,118,125,120,166,168,193,187,184,224,244,218,199,193,234,189,214,198,233,246,256,300,320,298,309,318,290,338,313,337,320,284,302,261,275,260,283,293,340,406,439,458,430,372,371,368,422,427,423,434,504,508,500,547,532,506,485,502,515,554,549,663,662,603,579,528,507,508,393,351,360,280,288,308,268,262,141,171,167,183,147,130,123,100,82,88,62,49,29,25,29,17,14,7,10,9,5,0,0,2
���ϱ�,��õ1��,18066,25,39,52,66,68,87,88,77,104,130,125,126,124,130,120,115,127,134,120,155,173,194,177,188,181,205,202,200,202,206,205,174,160,139,130,141,162,161,169,179,224,221,240,210,236,227,239,236,263,276,268,317,344,321,327,313,375,346,328,377,410,481,422,410,377,417,388,405,300,301,319,200,212,242,260,212,132,181,131,168,154,108,95,95,83,71,50,38,38,26,18,21,14,13,8,9,5,2,0,2
���ϱ�,��õ2��,5748,6,8,9,3,11,11,12,16,23,14,20,17,16,16,15,18,24,25,28,30,30,32,44,49,51,49,58,55,52,48,44,30,38,38,30,35,41,35,27,41,69,61,64,58,54,68,55,72,80,71,102,87,90,114,114,117,113,109,106,132,106,152,143,125,113,120,123,121,131,123,115,99,102,102,119,102,71,103,91,100,96,77,65,69,70,53,32,33,19,20,16,10,5,7,12,2,6,2,3,2
���ϱ�,����1��,19126,67,63,66,71,89,96,100,126,114,132,146,138,129,141,137,158,153,152,166,170,186,180,192,200,226,198,228,203,240,229,202,176,202,206,195,158,201,224,211,253,264,279,231,255,234,244,239,243,291,294,301,320,319,355,353,311,294,305,296,379,359,403,418,356,354,383,314,373,288,275,298,237,240,239,250,199,183,184,158,184,170,130,120,113,116,91,61,54,63,44,32,25,24,13,10,7,5,5,7,5
���ϱ�,����2��,15567,71,72,68,79,80,114,125,124,124,123,124,157,110,109,118,112,125,99,134,151,143,179,158,147,156,181,164,158,171,180,168,180,175,167,162,150,187,183,188,182,235,246,252,249,220,227,207,227,258,256,244,254,287,264,244,224,263,226,216,236,253,315,293,268,292,296,263,322,252,233,234,163,220,183,201,170,115,136,114,141,101,94,78,76,54,58,44,46,30,24,13,11,13,15,4,4,2,1,0,1
���ϱ�,����3��,12180,36,28,33,37,50,57,49,54,48,65,63,71,63,55,72,57,64,77,88,94,96,126,119,122,140,110,154,138,140,149,157,137,147,141,136,119,119,140,138,152,128,159,161,153,125,137,133,143,174,199,190,205,207,220,192,195,185,204,178,264,240,266,293,269,267,253,275,271,227,201,204,150,186,188,162,156,89,125,122,126,143,78,95,76,58,54,48,36,40,20,17,10,13,10,7,3,4,2,3,0
���ϱ�,����4��,11970,31,48,37,55,72,77,82,103,84,88,76,86,81,84,103,89,87,92,91,109,117,101,137,132,149,153,130,136,132,157,134,117,124,101,113,102,126,132,131,155,176,165,189,166,145,164,155,179,196,182,211,216,206,218,199,179,185,188,170,232,219,291,249,222,230,212,211,244,212,193,163,149,156,154,144,133,91,86,80,98,95,71,59,72,51,35,35,29,26,20,17,15,9,8,8,2,1,0,1,3
���ϱ�,����,12871,114,141,136,136,143,156,151,126,110,131,133,122,87,100,93,88,85,77,108,93,96,129,121,129,130,132,132,132,157,203,206,210,193,228,229,244,258,220,250,238,266,258,231,190,217,191,168,171,204,189,190,224,188,197,222,192,186,167,181,227,205,225,220,176,209,178,170,172,121,135,120,95,109,91,71,90,47,58,45,47,39,27,34,34,17,22,13,10,10,15,7,6,6,7,2,6,0,2,1,0
���ϱ�,�ٴ�1��,38087,143,134,170,210,255,273,312,328,341,387,391,413,338,392,429,376,328,359,357,377,372,428,434,428,422,425,424,378,391,387,385,334,315,361,367,327,348,459,476,550,548,588,630,554,540,560,581,596,729,675,748,752,726,714,740,641,649,586,672,714,724,808,742,662,659,640,553,550,501,435,454,331,351,329,303,337,228,268,197,266,243,194,171,127,131,129,99,90,62,53,39,32,28,26,19,9,12,4,10,2
���ϱ�,�ٴ�2��,26680,78,98,102,102,148,170,194,185,179,212,213,210,207,215,229,189,223,233,242,274,254,342,323,301,310,290,301,272,308,262,252,236,216,223,193,215,218,242,287,302,372,371,371,329,347,343,375,386,417,435,477,494,526,542,503,489,524,502,473,517,547,668,609,589,521,515,468,494,385,383,335,270,289,259,291,260,151,215,169,175,193,139,144,127,104,100,87,69,54,55,44,18,28,34,12,12,13,6,3,1
���ϱ�,�縮��,25972,74,87,74,78,135,137,205,195,183,197,240,230,187,213,222,245,188,189,238,235,245,283,293,268,327,316,330,359,351,340,294,299,294,258,244,222,210,261,293,347,370,409,412,369,364,328,313,382,390,368,409,443,427,498,500,410,446,470,407,539,485,603,573,505,489,470,470,486,394,364,353,288,275,290,269,243,147,202,168,192,180,144,128,102,88,78,76,49,60,39,31,25,22,17,14,6,1,2,1,3
���ϱ�,����1��,16520,52,94,89,92,111,100,122,113,117,110,112,91,91,90,100,110,97,114,123,120,111,147,153,156,179,182,178,178,195,167,180,175,164,155,194,183,170,218,209,256,268,260,248,235,195,199,209,234,249,291,282,305,286,305,306,298,284,326,268,320,345,402,358,303,339,336,306,313,239,242,232,185,216,186,188,175,101,116,113,142,128,100,97,74,77,51,44,32,29,16,12,12,8,14,12,8,1,1,0,0
���ϱ�,����2��,17672,123,123,111,110,100,98,122,149,139,137,150,138,147,112,128,143,127,147,164,152,177,187,217,217,208,229,242,232,246,263,255,265,274,262,270,240,252,245,243,248,288,301,274,241,210,239,237,263,312,277,304,300,309,314,339,309,278,309,298,330,348,396,386,327,316,261,237,238,190,230,178,147,162,144,134,90,74,89,77,67,62,61,56,54,25,30,31,35,19,16,21,12,18,7,5,0,1,1,1,2
���ϱ�,�帲1��,10540,45,46,57,67,89,91,91,90,109,104,120,112,86,93,108,90,101,79,84,69,84,98,106,92,88,103,107,83,109,109,100,101,119,96,95,117,135,148,179,216,203,206,191,204,178,173,172,185,189,185,189,214,158,178,158,180,152,161,160,183,181,197,204,172,159,138,171,159,120,121,137,116,113,112,106,91,81,54,61,64,69,50,40,42,40,13,28,15,9,12,11,8,3,3,4,0,0,1,0,0
���ϱ�,�帲2��,27008,107,114,113,138,164,176,197,194,207,222,249,249,223,254,255,259,201,208,247,227,252,311,298,288,322,338,368,360,347,367,320,373,340,299,286,293,353,290,309,385,438,497,467,391,399,398,377,417,468,493,446,504,480,492,451,458,487,444,430,519,484,558,558,503,451,474,439,420,345,323,352,250,263,234,252,201,125,168,132,160,153,115,95,68,72,55,40,43,28,18,12,11,11,3,9,11,5,2,2,3
���ϱ�,�ϴ�1��,21303,51,72,66,94,103,96,120,153,143,154,149,163,145,164,145,143,145,126,188,212,242,242,281,341,362,397,383,385,400,389,366,297,320,264,236,237,255,232,275,291,323,321,294,265,289,233,253,300,316,306,316,366,346,374,339,341,345,335,336,383,385,409,408,427,392,386,304,334,274,258,236,183,230,222,178,181,118,148,127,126,106,102,85,85,81,67,49,48,35,20,19,18,14,9,14,4,4,5,1,3
���ϱ�,�ϴ�2��,25273,104,114,97,107,116,125,159,150,148,176,166,157,161,179,201,152,172,203,228,296,355,533,644,678,566,558,505,460,441,430,418,384,328,302,296,278,263,262,292,306,368,369,349,308,303,297,336,352,362,379,359,393,431,438,417,418,390,394,347,401,386,490,445,379,407,365,376,351,259,288,242,204,231,199,171,202,139,172,136,130,136,106,95,85,75,69,37,40,31,24,24,14,10,8,7,5,4,2,3,2
����,���ι�1��,4800,13,11,17,11,8,17,8,9,17,14,17,12,9,16,18,16,18,17,17,19,32,32,50,34,39,51,41,43,30,49,41,30,47,32,34,51,41,37,41,56,41,55,53,47,40,47,46,53,80,70,76,74,64,94,82,95,80,87,87,105,102,130,102,126,123,129,101,125,103,106,103,85,83,83,78,85,55,65,55,76,85,62,51,40,29,25,27,20,14,13,16,5,9,5,5,4,1,2,1,0
����,���ι�2��,8798,20,18,8,24,24,33,26,36,32,39,49,47,39,52,44,28,34,36,52,55,77,73,68,74,63,84,90,86,81,86,79,66,69,63,45,60,57,57,68,85,85,117,98,103,87,97,102,99,124,138,150,137,148,156,160,137,181,135,150,192,160,218,238,194,210,214,181,219,170,160,183,146,167,142,169,158,106,134,115,122,112,97,80,65,42,56,48,50,29,25,18,6,5,7,13,10,2,1,0,1
����,�����1��,5575,27,28,37,32,29,50,37,37,32,38,33,31,39,34,47,25,32,36,41,49,39,52,69,67,75,71,80,52,73,72,82,69,76,54,57,73,52,66,71,72,87,96,71,62,77,69,71,86,67,92,78,106,86,105,93,81,82,77,87,110,91,97,102,96,99,99,83,101,76,77,78,63,70,65,68,54,36,56,39,46,50,40,38,43,33,26,26,31,13,15,14,8,6,6,2,3,1,2,2,1
����,�����2��,7150,6,15,11,18,27,22,36,42,27,38,41,37,40,44,42,56,44,44,57,52,69,77,89,63,71,82,66,66,79,64,56,44,60,57,51,48,49,51,52,72,79,68,91,96,79,79,77,102,110,132,127,113,143,126,125,123,118,116,116,134,118,154,157,149,153,140,126,161,142,105,129,103,106,121,121,103,79,89,74,94,93,85,76,67,48,43,33,38,35,25,17,14,9,4,9,3,2,5,1,0
����,�����3��,7589,36,25,22,34,38,43,50,45,50,51,48,52,50,44,45,48,55,41,69,53,62,110,133,137,152,126,126,110,104,118,102,82,77,79,81,80,70,63,77,102,96,103,105,101,97,85,101,89,120,119,118,123,118,108,113,116,85,104,114,114,117,150,163,136,123,137,116,138,106,84,111,95,88,88,91,77,57,77,77,77,68,51,64,55,33,43,34,23,16,15,13,12,8,3,8,4,1,2,2,4
����,�ιε�,7482,15,36,23,38,27,35,49,59,44,46,57,42,44,61,47,53,41,53,66,113,108,148,165,162,164,149,159,140,142,127,134,99,94,79,89,62,81,74,74,98,99,113,100,88,87,97,80,101,106,107,123,123,100,126,82,107,103,96,93,111,103,139,123,119,116,105,125,133,91,98,83,83,78,63,71,65,47,45,50,46,47,40,44,52,26,35,24,17,22,8,8,6,9,6,6,2,3,2,1,0
����,�����1��,13546,68,80,86,93,96,108,126,123,129,116,126,126,98,96,99,106,93,108,107,113,132,167,184,151,170,178,165,164,175,148,167,134,177,166,143,173,156,168,193,208,237,274,222,220,160,199,187,196,204,222,228,242,221,207,202,198,176,205,177,215,197,227,235,193,184,185,184,183,162,180,167,136,137,157,131,140,83,100,119,118,127,85,76,67,61,74,52,43,25,24,19,14,15,7,10,6,3,9,3,0
����,�����3��,7848,26,29,42,43,39,53,60,78,58,78,75,88,75,89,82,83,78,75,81,83,69,89,93,96,69,92,78,89,95,70,76,76,69,77,62,65,76,79,85,102,125,102,127,111,135,123,117,118,133,154,116,144,148,133,132,124,103,121,120,132,120,180,154,135,116,122,109,130,99,96,114,85,84,76,79,68,44,64,58,67,51,48,45,41,48,34,32,21,17,16,15,13,5,11,4,2,1,2,0,1
����,�����4��,7620,22,39,31,50,43,61,62,94,87,76,85,93,74,82,83,72,65,71,64,77,66,72,86,80,91,85,97,74,69,93,84,69,67,70,60,72,63,98,88,100,128,122,129,111,108,101,110,123,134,120,125,139,120,130,127,111,116,131,108,133,118,158,159,136,110,127,105,121,92,91,95,51,110,69,70,71,41,55,53,65,50,36,52,44,48,30,21,23,12,13,15,7,7,7,7,7,0,0,0,2
����,�ƹ̵�,6367,6,8,2,6,9,11,6,12,9,14,14,13,19,18,20,17,26,34,40,49,35,57,46,76,89,99,81,64,76,70,65,55,44,47,37,40,40,36,45,43,56,58,75,58,55,52,69,79,103,89,100,93,115,113,104,104,105,87,113,132,133,183,149,165,140,142,140,143,142,117,141,105,134,114,112,108,70,96,80,95,87,93,73,67,51,55,38,36,27,27,15,10,11,11,6,1,1,1,3,1
����,�ϳ���,14061,49,47,55,65,74,69,95,81,95,84,102,146,73,94,107,102,111,108,112,97,118,171,192,185,182,193,171,166,153,141,177,142,137,138,116,114,124,122,160,187,162,201,221,184,179,166,136,178,202,191,181,217,216,255,255,224,238,267,227,303,251,346,329,318,304,259,279,266,191,230,196,176,152,185,176,175,96,119,128,118,111,100,90,81,66,53,46,47,15,24,22,11,13,12,4,3,6,4,1,0
����,���嵿,4158,5,8,4,10,7,8,12,19,16,10,15,8,14,15,18,17,13,16,19,20,29,29,36,42,43,43,43,32,37,42,40,31,35,27,30,27,26,25,22,37,40,48,44,46,50,51,48,52,65,73,73,73,60,68,51,79,70,67,72,84,97,86,104,93,91,91,107,98,94,79,82,73,80,67,73,52,53,51,66,70,69,55,55,48,34,39,26,19,14,9,13,3,6,6,3,4,2,1,1,0
����,�湫��,9761,26,27,36,38,23,62,55,52,59,34,59,43,52,46,52,40,39,45,64,67,75,91,119,145,181,161,171,153,155,156,122,122,110,99,100,97,94,84,98,116,136,123,145,107,95,102,95,144,124,168,145,157,163,165,147,164,164,173,139,190,199,217,220,184,162,171,191,193,135,153,120,130,140,142,140,111,88,83,115,82,99,77,88,52,43,39,45,36,20,22,10,11,6,5,6,5,1,0,3,2
������,����1��,25867,54,76,80,86,120,98,118,138,132,134,130,152,124,144,142,162,151,153,171,173,212,312,352,416,526,628,688,694,703,691,640,560,466,458,354,361,345,329,328,364,362,345,376,321,351,284,316,306,376,367,381,409,365,376,324,338,306,322,289,371,374,405,403,406,367,344,381,383,312,295,316,236,253,278,271,237,176,180,151,199,173,139,131,111,86,89,64,55,37,36,29,24,18,14,16,10,3,3,3,1
������,����2��,18884,68,70,76,87,87,105,124,123,115,134,119,152,108,134,112,97,105,121,135,126,147,194,226,258,294,350,354,372,374,383,379,343,320,308,268,243,244,234,250,309,314,305,338,252,245,271,235,282,291,286,281,305,282,250,286,254,245,247,262,272,271,301,313,289,274,275,258,255,228,211,216,188,195,197,215,175,137,159,150,151,149,120,101,96,94,63,39,52,39,29,24,23,6,13,7,5,1,0,4,1
������,����3��,9660,16,17,15,24,20,29,27,27,30,41,33,36,34,36,34,29,35,42,37,54,86,95,145,176,197,255,243,286,279,275,244,211,191,149,147,124,115,104,111,123,117,119,115,124,98,107,100,110,110,143,116,138,126,135,137,119,99,127,132,142,147,170,166,155,173,173,145,156,152,135,143,98,115,124,131,114,74,84,69,92,82,66,46,47,40,43,37,17,26,12,9,9,3,6,4,6,2,0,0,1
������,����4��,13735,80,84,91,73,95,101,107,111,83,87,85,94,77,95,82,105,69,103,109,83,94,128,143,135,159,177,181,181,217,221,207,200,206,184,178,190,200,200,222,216,215,225,233,192,221,196,176,187,231,237,248,222,234,230,229,199,200,182,171,221,199,234,221,219,196,207,194,227,192,178,177,122,146,147,135,132,85,111,108,103,111,99,87,94,58,56,54,32,31,18,20,7,7,9,6,3,2,4,1,0
������,��õ1��,13869,55,54,44,54,58,64,89,89,90,84,92,96,91,116,100,123,94,124,127,139,157,155,177,148,215,171,184,190,194,220,226,167,163,169,148,150,165,151,166,162,180,221,180,169,166,181,177,219,199,236,246,268,263,262,247,250,242,237,208,250,234,234,267,216,228,226,207,208,168,165,172,117,136,171,140,163,100,111,88,107,103,98,97,80,76,52,41,47,34,23,22,18,10,18,12,7,6,0,1,3
������,��õ2��,11961,34,55,63,53,69,89,86,109,89,127,132,113,111,95,122,121,105,129,106,115,112,123,141,137,126,119,124,111,122,117,102,102,100,107,98,97,120,119,145,126,189,168,178,194,165,165,203,192,213,218,238,226,242,220,210,179,200,203,185,226,221,247,194,235,214,188,211,180,162,158,144,128,147,122,136,119,74,87,83,87,91,65,59,53,27,44,29,37,30,19,22,15,11,8,10,4,8,2,0,1
������,����1��,27263,103,125,105,132,146,163,202,201,186,222,194,195,174,169,235,184,189,173,204,191,207,265,231,278,251,283,325,307,317,344,333,315,337,312,300,288,273,297,334,381,397,460,378,369,334,349,313,373,392,418,386,378,436,419,399,379,423,373,431,506,452,575,596,537,541,498,528,515,464,446,442,311,364,370,382,345,202,251,228,234,245,186,183,171,133,124,110,94,86,79,41,43,22,29,19,13,8,5,3,2
������,����2��,10498,40,53,65,62,61,70,55,63,60,75,69,77,62,67,82,80,67,69,78,75,83,92,107,100,99,116,119,122,111,133,129,113,129,124,135,98,124,112,143,144,137,188,163,145,146,126,147,145,161,152,190,192,178,190,172,171,157,157,136,190,191,215,216,197,207,205,178,187,161,168,152,117,147,140,111,142,94,112,88,79,87,69,45,59,47,39,26,33,11,16,19,9,6,6,7,1,2,0,1,0
������,�ζ���,28485,178,198,206,219,217,242,242,219,209,203,217,183,151,146,168,178,144,189,189,212,216,261,287,304,335,364,351,361,370,428,407,389,408,395,353,388,391,401,461,443,508,473,486,406,407,399,349,402,422,450,465,513,501,520,475,437,417,410,385,476,444,576,519,511,512,489,466,475,362,354,394,281,322,278,295,253,172,193,174,189,191,158,120,112,87,92,67,58,46,40,41,26,26,13,6,5,4,2,2,4
������,������,14487,50,61,46,56,49,53,62,50,50,58,58,68,55,61,69,42,61,68,80,84,110,115,132,116,176,169,185,196,202,238,186,179,169,187,161,151,156,149,127,182,175,207,198,172,160,162,158,178,222,198,203,215,206,217,237,226,232,226,200,251,249,312,297,309,335,289,303,312,241,268,268,205,226,227,243,218,150,177,142,180,150,140,138,130,86,75,65,61,41,37,24,24,21,14,7,3,3,3,1,2
������,����1��,28637,108,108,139,166,185,208,283,308,328,331,339,383,325,335,378,359,331,312,365,306,354,420,390,325,309,305,274,266,244,248,251,241,223,231,275,235,228,279,342,373,433,521,512,500,491,505,485,530,583,622,559,595,550,499,531,451,441,397,358,435,410,441,408,390,358,361,359,368,320,313,330,249,282,245,258,230,171,204,184,222,197,153,123,125,109,94,76,69,45,36,22,15,13,15,10,5,6,2,4,1
������,����2��,11949,37,50,47,76,61,92,100,144,157,148,158,175,150,171,157,171,147,157,138,131,157,138,123,119,128,115,125,111,105,102,101,89,84,114,87,112,101,101,114,177,206,173,217,210,217,215,240,221,268,247,262,237,220,226,188,170,160,174,156,187,164,204,183,178,154,162,164,149,138,145,120,92,108,107,116,104,55,76,69,76,58,64,56,45,32,39,31,28,13,13,8,14,2,5,5,5,1,1,0,0
������,����3��,9847,36,37,27,48,40,37,53,48,42,49,51,41,55,64,56,82,63,71,79,69,93,83,95,105,105,116,117,125,112,107,152,128,90,116,108,91,89,86,99,103,116,114,130,111,102,99,114,130,152,147,151,164,173,172,188,152,128,154,136,160,166,218,222,199,174,181,172,198,152,181,161,115,124,145,151,133,99,99,113,139,101,111,72,87,70,66,59,34,32,24,23,19,13,18,6,4,2,0,0,2
������,����4��,10181,33,39,38,57,63,59,62,69,84,67,110,106,102,91,108,104,84,99,91,94,87,118,122,105,111,112,122,111,106,115,113,82,96,103,91,85,88,97,124,126,137,161,159,152,132,151,129,157,171,169,204,162,203,181,175,153,184,193,152,187,189,229,176,189,194,184,186,175,151,124,135,112,118,111,106,92,47,73,68,86,70,55,50,50,41,37,28,27,15,17,16,12,11,5,6,5,0,0,2,0
������,����1��,16674,76,85,117,102,114,132,151,128,143,155,136,123,128,129,137,137,116,116,146,114,123,139,156,156,165,182,193,195,205,199,206,203,207,219,192,192,226,218,250,252,274,301,285,245,245,229,223,244,246,276,258,243,253,297,256,245,264,290,246,312,271,373,314,305,308,297,280,287,239,207,232,164,208,194,163,162,97,108,111,109,115,68,80,77,63,59,40,34,30,16,19,12,7,9,8,2,3,1,3,1
������,����2��,20186,172,150,173,188,182,182,235,216,190,190,146,155,119,109,130,127,109,130,118,141,149,203,234,183,238,229,201,214,234,268,311,282,295,276,297,347,348,342,372,384,426,393,360,300,279,261,240,242,318,328,311,308,314,317,338,318,294,288,252,295,293,346,347,259,314,290,277,276,233,234,215,200,204,193,193,173,107,163,130,144,144,128,98,88,70,64,50,50,29,30,15,20,16,13,10,6,4,2,2,1
������,����3��,10957,81,88,89,106,92,74,85,63,67,62,45,57,53,42,52,64,47,59,67,78,94,75,104,116,103,101,120,107,131,145,145,153,154,161,201,161,187,157,179,179,203,185,169,156,141,131,124,150,150,154,164,199,147,191,162,163,147,165,126,188,180,231,242,223,190,176,204,222,157,132,148,128,141,126,133,127,74,96,82,93,88,68,71,47,43,36,39,23,28,13,9,7,6,5,4,2,2,0,0,1
������,����4��,15944,39,41,39,34,59,54,66,58,90,94,91,89,81,78,96,73,81,80,96,111,120,152,190,192,213,276,244,250,304,245,239,232,226,191,174,138,167,159,150,201,193,217,246,238,212,184,162,193,221,232,242,263,254,236,261,263,257,245,250,313,314,356,367,342,329,311,307,318,253,277,248,188,206,188,213,162,124,140,155,147,126,123,93,88,72,75,59,25,38,21,20,22,8,11,11,6,0,1,2,1
������,����5��,16558,65,82,71,77,61,63,75,65,80,67,40,73,56,52,61,69,49,48,77,88,111,174,232,281,342,384,442,453,486,466,442,392,386,350,268,294,274,254,248,273,245,265,265,233,233,182,189,188,235,232,243,272,241,271,236,231,222,211,206,239,236,272,250,244,229,224,201,208,180,188,151,130,138,159,138,134,89,103,94,126,99,75,64,67,62,43,40,23,20,20,15,10,6,3,1,0,1,3,0,1
������,����6��,16503,76,94,84,95,98,109,118,110,90,86,97,98,79,95,83,93,93,113,105,110,112,136,169,144,160,178,198,210,219,223,228,221,229,212,222,210,180,187,222,240,257,235,247,224,214,189,202,199,238,245,247,254,255,253,241,255,255,242,243,284,296,336,339,303,327,292,304,313,262,243,269,213,193,236,230,179,127,143,155,184,158,158,126,95,69,78,69,49,33,27,26,24,14,11,5,5,3,2,1,0
������,����8��,13858,67,72,85,96,107,129,151,137,118,121,147,134,110,125,107,97,92,101,96,108,113,107,130,133,152,154,150,138,162,150,158,180,155,154,162,164,160,171,164,231,246,230,247,210,200,210,197,213,235,183,220,225,210,222,256,237,241,226,224,240,257,304,255,228,251,254,241,232,195,173,174,149,150,153,137,123,78,105,77,91,83,61,69,45,40,29,25,31,23,9,14,13,16,4,3,2,0,2,1,1
������,����9��,34601,164,161,173,192,208,247,283,249,267,268,298,279,255,282,282,265,267,271,301,304,326,369,395,374,413,419,404,391,425,440,407,391,412,387,391,395,417,419,426,485,502,558,542,494,489,485,448,492,529,574,540,622,623,635,670,600,602,554,501,695,603,753,703,684,600,626,518,611,490,489,435,320,351,371,320,329,175,215,188,215,212,188,170,136,103,86,91,75,74,52,36,29,29,24,13,14,6,2,2,2
������,���׵�,10781,25,27,30,32,30,40,48,42,48,46,47,57,45,41,50,43,54,36,62,55,70,88,108,97,119,114,113,118,115,111,108,112,94,97,104,88,99,96,110,113,119,143,130,116,110,125,116,164,139,170,168,187,164,180,186,187,197,205,160,215,205,280,254,212,240,224,218,296,188,158,189,143,173,193,187,177,114,134,108,158,136,109,83,96,79,54,57,43,40,31,18,17,15,17,11,5,4,0,0,2
������,����1��,26943,76,62,88,93,123,119,147,173,169,176,195,194,174,215,199,209,177,185,244,205,258,329,375,325,330,325,304,303,281,287,311,207,272,226,240,215,232,267,270,314,309,338,364,323,324,314,335,388,427,459,456,456,435,482,503,463,458,417,421,518,524,626,584,577,531,549,545,542,422,401,390,324,356,376,333,339,231,225,237,272,230,229,177,149,127,108,89,76,78,54,44,33,19,19,14,9,4,3,4,4
������,����2��,4327,15,18,26,33,31,26,32,35,29,35,28,28,29,26,23,31,24,20,25,39,41,53,78,65,77,83,73,45,50,45,47,43,43,41,37,41,48,50,56,55,79,69,73,59,58,56,56,66,72,64,68,61,66,63,63,48,70,57,60,57,65,83,82,78,70,83,67,83,65,70,57,56,61,54,43,54,40,52,35,38,39,20,30,20,20,14,10,16,13,5,2,5,3,3,0,0,0,0,0,1
������,����3��,9578,15,19,21,23,27,20,25,37,31,37,37,52,42,38,52,41,58,42,62,54,64,64,65,77,85,79,87,71,74,81,83,80,79,69,74,65,68,75,90,79,86,120,115,86,100,96,95,106,135,130,149,159,144,165,153,172,151,145,142,216,224,247,261,255,242,207,254,261,209,192,200,176,180,170,176,160,109,133,131,144,114,116,85,72,64,61,53,50,26,24,22,16,7,7,4,7,3,1,1,2
������,����1��,6600,16,22,21,28,34,37,39,29,28,35,33,38,44,29,38,37,41,27,41,48,49,48,70,63,55,61,57,71,66,70,76,59,66,55,58,51,64,71,64,74,70,89,87,83,83,72,87,90,104,100,104,95,97,105,82,97,111,98,101,121,147,161,159,162,146,133,139,155,121,122,121,98,111,96,88,92,58,73,72,78,65,69,55,55,44,33,28,32,16,23,17,11,8,4,4,3,5,0,1,3
������,����2��,7798,41,32,35,47,56,58,49,59,51,53,61,63,37,41,53,44,61,47,55,43,62,73,53,73,73,71,71,81,85,79,87,84,82,75,70,83,71,80,95,118,116,118,114,105,101,102,111,110,139,136,119,119,123,123,131,133,129,133,108,134,116,152,131,146,133,137,135,120,119,124,137,101,118,96,122,95,63,93,86,105,99,76,75,55,30,40,35,34,17,10,12,3,8,5,4,7,0,0,1,1
������,�ż���,8049,8,15,18,12,18,14,19,19,33,32,26,33,38,38,44,46,36,48,45,47,45,72,66,43,65,76,58,84,77,80,71,54,46,50,39,43,58,43,66,68,70,92,96,83,74,94,85,105,115,131,120,142,135,136,149,142,154,117,130,160,157,209,211,171,196,176,153,180,146,152,159,120,145,149,161,169,104,123,121,132,127,114,118,84,69,67,46,31,39,28,17,8,9,12,11,8,3,1,0,0
������,����1��,3905,12,7,7,9,15,24,22,17,20,13,24,19,31,20,23,32,13,16,28,23,26,34,41,38,39,47,35,35,40,39,40,41,33,33,26,29,19,44,35,38,48,53,48,50,52,40,35,53,52,56,67,56,51,66,70,70,70,81,49,76,77,87,104,97,80,97,87,83,72,58,92,59,60,57,65,69,36,32,44,48,52,36,37,25,17,13,23,13,18,9,11,5,3,2,0,1,2,2,0,1
������,����2��,8078,25,16,28,27,26,26,42,40,52,32,46,48,56,46,44,47,62,34,56,63,50,82,72,86,73,85,80,82,81,88,93,78,82,79,74,68,64,65,67,87,96,94,98,96,76,86,86,107,110,113,126,126,143,121,131,134,133,146,127,156,167,196,174,177,145,172,166,143,139,130,158,125,130,142,135,126,90,103,89,116,102,75,83,67,56,47,40,29,15,14,19,10,9,13,3,6,2,5,2,1
������,û��1��,5938,12,19,17,24,21,36,41,28,47,31,38,47,31,41,37,42,30,37,37,42,50,42,56,38,42,43,53,61,60,50,59,54,52,45,42,53,53,49,63,63,76,98,81,85,80,80,73,109,89,74,98,94,113,96,93,86,83,78,99,121,101,140,128,114,117,124,138,131,99,94,100,88,88,86,90,102,64,86,64,80,70,50,56,46,30,39,23,23,16,16,6,9,6,6,6,4,5,1,0,0
������,û��2��,17330,49,59,53,68,81,92,99,110,99,141,128,145,129,107,133,111,120,134,161,135,148,155,164,163,182,174,171,179,175,184,186,162,153,148,133,152,169,159,173,209,247,239,244,245,207,223,230,252,273,269,263,317,314,301,308,269,290,277,307,311,339,385,388,350,345,333,322,379,282,263,302,238,256,235,207,207,123,181,175,179,155,128,115,125,68,80,65,60,39,31,22,17,15,13,8,11,4,2,0,1
�߱�,������,956,0,1,4,3,1,3,2,1,5,0,4,3,4,5,1,3,6,5,2,7,3,6,2,9,16,7,9,12,11,8,8,9,7,8,6,7,9,10,6,11,12,12,12,13,9,6,7,18,8,5,15,15,26,23,15,13,15,24,14,19,22,22,25,27,25,24,21,25,28,17,21,15,18,11,11,19,9,10,14,6,10,11,10,5,7,7,6,4,5,2,3,2,0,4,2,1,0,0,0,1
�߱�,������,895,1,1,0,0,0,2,1,1,1,3,0,2,5,3,1,2,4,3,2,1,2,2,4,5,5,4,5,7,9,9,5,13,5,4,8,7,9,4,4,6,10,12,9,7,6,5,7,7,18,12,16,19,22,17,17,18,24,13,17,26,33,32,32,25,29,28,30,14,21,25,16,15,10,16,24,17,14,7,13,9,11,9,5,7,4,3,4,1,3,0,1,2,0,1,1,1,0,0,0,0
�߱�,��û��,6190,8,8,7,18,9,23,15,27,19,23,33,28,23,25,34,32,27,29,54,51,60,59,85,82,117,115,101,96,104,95,91,71,57,64,74,47,62,54,46,64,76,68,79,64,60,88,82,101,85,107,102,100,104,110,93,93,96,101,93,111,124,130,142,126,147,126,94,123,99,98,80,72,80,96,84,73,48,65,65,76,63,46,41,42,33,25,25,18,16,10,12,13,10,9,11,6,3,3,1,4
�߱�,������,2592,3,3,2,4,7,4,11,5,6,11,10,8,13,4,11,8,5,10,6,10,22,18,24,23,27,20,31,35,29,39,32,25,19,21,17,15,24,28,19,33,19,24,28,35,16,26,29,33,32,44,39,47,37,47,46,39,40,45,49,58,60,73,56,57,55,59,46,64,46,52,55,51,50,46,44,26,34,40,43,33,33,37,33,21,16,17,16,9,11,4,5,6,5,3,5,1,1,1,1,1
�߱�,������,10486,25,28,20,22,18,42,36,51,46,45,38,43,36,38,64,43,48,57,66,88,99,144,182,164,143,152,148,167,141,152,146,136,118,108,108,102,98,96,100,98,99,148,135,120,118,108,127,137,150,179,162,209,147,197,159,153,179,180,165,200,191,210,216,223,227,220,202,219,175,162,156,133,147,135,138,132,86,95,99,104,119,92,89,72,64,48,38,34,29,25,19,10,13,11,6,5,3,2,3,4
�߱�,����,4440,7,3,11,2,13,3,5,11,13,10,17,21,23,16,19,13,20,13,24,22,33,31,44,44,66,63,62,56,64,60,63,42,47,40,38,38,43,49,32,46,54,60,45,55,53,43,48,53,73,67,67,81,65,83,81,73,82,61,49,92,85,112,102,112,106,103,107,115,82,75,80,66,88,57,72,63,48,48,54,61,43,38,36,35,22,26,21,10,12,9,10,9,4,3,8,1,3,0,0,0
�߱�,����1��,4676,11,10,12,12,18,12,12,13,25,20,22,21,16,21,16,25,16,16,11,29,29,54,66,65,102,101,104,106,111,115,100,82,79,65,43,46,50,56,47,74,56,57,49,48,54,47,61,78,80,79,84,64,72,69,83,69,80,54,51,78,77,79,69,75,80,85,77,86,66,68,77,50,63,56,54,48,38,42,44,38,38,30,27,37,19,22,20,17,11,7,7,5,6,5,2,1,1,1,1,1
�߱�,����2��,6964,15,14,14,12,21,28,25,34,24,36,36,39,34,41,33,34,46,35,45,38,49,60,80,71,67,88,78,92,66,80,62,71,60,48,48,47,54,60,50,61,76,83,88,60,95,69,77,80,110,117,116,126,133,140,117,128,104,124,129,144,123,158,155,158,133,143,146,160,134,110,126,116,100,117,114,99,77,99,84,94,83,73,55,59,52,40,29,27,18,22,13,11,8,5,4,2,1,1,1,2
�߱�,�߾ӵ�,3143,3,3,5,2,3,6,4,4,3,1,2,7,2,4,6,6,4,5,6,10,29,32,58,95,89,119,153,116,147,115,128,106,89,65,66,51,50,44,51,41,48,35,51,36,26,28,31,31,36,46,37,44,40,46,40,39,37,26,28,40,37,43,41,37,49,36,33,36,30,28,31,24,29,23,14,14,15,20,15,7,16,9,10,14,9,8,5,7,6,5,3,2,3,2,4,0,1,0,0,1
�ؿ�뱸,�ݼ�1��,13507,22,17,27,23,24,31,32,52,35,48,46,58,41,52,53,62,64,63,104,103,110,143,140,127,146,140,175,147,147,161,130,106,94,96,94,85,90,108,113,120,127,146,171,133,147,154,134,187,195,224,197,259,263,244,235,256,252,249,240,302,274,333,309,293,275,271,272,315,258,241,256,201,230,256,230,195,114,196,176,197,191,141,128,118,98,83,62,48,58,40,27,11,25,10,13,5,3,5,1,1
�ؿ�뱸,�ݼ�2��,22756,31,43,61,65,77,82,96,100,95,101,121,125,113,121,118,117,126,138,164,150,195,227,197,198,205,205,229,216,229,230,215,158,178,180,175,150,152,157,198,195,242,243,251,287,277,287,283,328,341,328,360,365,356,372,397,398,408,403,388,463,516,597,547,498,545,501,519,547,421,474,425,373,386,346,353,339,219,267,257,294,260,216,190,164,152,143,96,86,72,49,43,33,28,17,31,16,6,9,2,1
�ؿ�뱸,�ݿ�1��,33864,131,156,144,198,211,235,260,300,311,334,341,403,364,360,424,412,407,399,415,401,457,459,465,417,379,374,378,346,365,321,362,283,331,279,310,296,335,361,361,407,486,524,545,530,538,558,587,636,685,679,686,731,668,673,625,583,593,564,476,638,546,624,576,574,471,471,455,437,360,354,372,287,281,299,249,253,140,167,172,181,161,130,137,106,97,88,79,63,60,38,29,32,20,19,16,9,4,4,2,0
�ؿ�뱸,�ݿ�2��,12394,42,44,49,52,41,44,51,48,33,45,56,44,43,40,52,53,60,51,80,77,85,113,113,111,117,141,155,145,138,151,130,137,147,168,121,142,139,145,134,158,143,164,158,149,163,138,129,161,209,196,212,210,218,236,228,206,232,205,227,252,244,295,284,276,263,255,281,248,198,192,213,168,181,184,183,161,92,146,131,124,128,108,89,77,58,75,49,32,34,22,26,14,8,9,8,1,1,3,1,0
�ؿ�뱸,�ݿ�3��,8325,7,13,14,10,17,24,19,29,17,26,28,37,39,41,36,42,44,44,45,67,76,93,83,89,84,109,88,80,90,94,92,89,65,53,70,70,58,57,72,95,94,88,98,107,70,87,86,116,119,142,137,158,141,168,162,159,147,142,157,201,167,223,219,188,201,184,190,190,153,159,143,106,145,116,119,102,73,87,103,104,100,86,74,57,51,36,45,28,19,21,15,7,8,10,4,2,4,0,1,0
�ؿ�뱸,�ݿ�4��,15710,69,90,104,102,123,114,123,139,144,162,142,169,144,130,158,150,133,151,138,168,162,181,184,179,167,191,212,185,162,187,188,156,191,185,152,173,171,188,205,224,257,275,248,244,236,237,209,250,271,271,274,290,257,296,312,272,272,279,267,323,249,338,317,272,260,249,270,233,200,179,171,132,158,133,124,94,76,74,67,72,76,57,44,41,28,29,28,21,22,14,11,9,4,8,6,4,1,2,1,0
�ؿ�뱸,������,9760,36,42,32,39,33,44,47,53,55,65,61,42,60,31,50,56,37,42,59,55,63,65,80,93,96,116,112,130,146,154,137,118,106,126,109,93,117,110,110,116,163,160,148,109,112,108,136,110,132,143,158,158,151,184,170,160,170,158,152,208,182,221,229,197,196,225,186,196,163,183,155,109,123,119,126,96,67,89,86,92,83,66,57,64,65,51,42,44,30,16,21,9,8,13,10,3,5,1,1,3
�ؿ�뱸,��1��,21974,87,86,106,97,109,112,146,144,121,156,164,143,150,131,167,146,135,140,163,164,166,228,255,300,282,267,315,306,319,331,308,299,316,257,247,242,278,235,293,282,308,338,352,280,298,291,278,319,348,383,413,416,385,388,370,369,352,335,331,441,345,411,445,372,384,365,375,353,306,280,295,215,263,266,267,216,149,169,164,166,145,135,107,117,78,84,63,60,41,28,35,18,18,15,12,10,8,0,2,2
�ؿ�뱸,��2��,30574,147,176,229,228,293,298,315,354,313,354,324,290,317,269,341,307,291,300,319,296,335,366,347,332,312,337,293,303,293,294,330,280,267,312,333,367,370,397,441,487,554,526,554,471,464,498,431,498,588,596,598,589,587,643,531,510,484,480,437,545,442,549,471,454,419,417,376,382,306,282,308,238,261,260,235,235,154,183,165,153,177,136,132,111,113,76,85,80,48,39,23,22,25,24,20,7,10,4,4,2
�ؿ�뱸,��3��,28503,137,174,205,224,269,291,380,378,355,371,374,349,327,324,318,320,301,284,291,266,255,286,305,272,273,244,253,241,246,215,232,254,253,227,307,326,342,339,396,491,532,560,566,487,446,441,480,501,520,510,487,557,531,514,441,473,436,405,427,493,449,550,448,446,448,378,394,356,303,272,286,207,212,247,215,198,151,161,131,151,131,133,115,101,94,87,71,53,46,41,33,19,12,17,15,8,8,6,2,3
�ؿ�뱸,���1��,37449,151,170,223,245,328,358,436,518,541,549,578,579,562,549,561,449,447,433,436,369,357,460,426,385,434,419,412,360,371,394,390,343,320,338,367,347,415,452,566,644,710,799,799,822,775,799,725,732,762,694,718,711,659,619,619,508,477,463,422,508,445,554,506,492,433,431,430,432,343,331,340,234,277,276,247,207,136,191,155,156,120,95,100,85,74,74,65,36,44,33,27,15,16,11,9,11,5,2,2,3
�ؿ�뱸,���2��,24138,65,68,72,90,102,98,128,133,137,164,167,192,187,183,197,217,187,175,215,185,218,255,264,247,263,309,318,329,331,327,326,311,298,247,213,232,231,258,275,302,339,363,425,369,346,317,346,334,407,381,408,433,427,461,441,428,447,450,404,527,477,531,490,504,460,466,461,460,376,375,309,244,278,262,230,207,115,161,119,144,124,142,85,97,96,69,65,50,39,34,26,19,9,14,12,6,3,2,2,3
�ؿ�뱸,��1��,17822,47,65,76,79,77,115,140,135,163,181,196,179,175,181,212,205,199,186,207,185,186,240,259,266,315,275,246,292,258,248,286,209,209,192,190,182,187,202,209,228,264,267,281,261,274,276,299,329,371,368,397,368,392,391,321,276,270,287,251,276,253,283,256,200,246,196,186,183,140,129,106,110,125,122,114,108,91,96,89,110,118,96,81,78,76,64,51,65,33,27,27,16,18,9,6,6,1,1,0,2
�ؿ�뱸,��2��,31637,145,142,162,155,177,202,215,230,225,246,243,280,226,261,286,294,270,244,305,280,314,385,429,440,471,522,539,531,566,549,538,455,441,477,440,414,443,377,422,430,467,476,483,411,448,458,427,494,501,563,588,612,589,585,602,554,566,504,502,563,514,569,512,446,439,405,379,374,292,281,245,176,233,211,244,212,164,170,167,180,176,148,149,132,108,107,80,78,60,61,51,33,25,14,11,6,6,4,6,2
�ؿ�뱸,��3��,15848,76,60,63,76,96,98,136,118,133,137,143,166,143,159,167,167,184,163,194,167,182,196,189,170,178,165,183,175,167,188,169,176,169,154,134,148,157,137,163,220,203,242,235,195,202,206,216,247,282,301,316,316,294,353,306,240,258,284,260,297,238,318,297,268,243,242,215,225,164,169,176,124,116,149,142,135,59,117,108,126,111,111,101,103,93,76,52,46,41,45,34,21,25,8,13,8,1,4,2,2
�ؿ�뱸,��4��,22859,83,93,123,118,164,153,191,216,212,243,242,256,273,280,327,274,297,302,282,285,305,289,309,272,275,269,276,262,230,246,253,252,271,231,251,205,194,229,248,292,281,350,385,390,349,374,363,379,421,480,474,529,496,487,416,371,385,378,379,382,345,379,364,317,332,292,268,236,194,199,172,137,158,155,149,148,112,117,125,121,115,118,91,105,90,73,72,44,45,41,23,16,19,11,10,10,0,5,1,3
�ؿ�뱸,��1��,27836,127,151,173,191,198,247,290,258,266,262,273,255,224,265,278,250,227,260,251,256,281,303,334,323,312,318,352,354,377,365,345,348,294,325,336,359,334,367,378,443,539,451,507,450,453,469,468,475,492,523,516,563,553,552,504,432,445,432,445,460,405,460,390,408,436,353,306,344,256,256,279,180,238,216,224,204,117,165,169,159,156,131,115,104,110,69,70,54,42,32,29,20,14,9,17,6,6,0,1,3
�ؿ�뱸,��2��,15826,73,87,95,118,106,151,134,154,146,144,130,154,110,109,130,108,110,113,119,116,112,154,142,133,148,148,180,182,182,167,198,212,167,194,200,233,217,230,232,244,325,316,305,248,256,235,242,250,263,253,334,333,276,275,244,257,235,291,239,308,261,328,283,306,252,271,243,246,223,160,161,128,131,129,126,127,85,93,88,84,96,70,56,46,35,48,31,22,21,17,19,16,12,11,3,7,5,2,5,4
